id;plz;ortsteil;strasse;hausnummer;baumnummer;baumart;pflanzjahr
1;14195;Dahlem;Bachstelzenweg;3;R0059;"Prunus serrulata 'Kanzan'";2021
4;14195;Dahlem;Bachstelzenweg;1/1A;R0033;"Prunus sargentii";2021
7;14195;Dahlem;Bachstelzenweg;1A;R0051;"Tilia cordata 'Rancho'";2021
10;14195;Dahlem;Bachstelzenweg;9a;R0141;"Tilia cordata 'Rancho'";2021
13;14195;Dahlem;Bachstelzenweg;"ggü 1A";L0034;"Prunus sargentii";2021
16;14195;Dahlem;Bachstelzenweg;ggü1;L0020;"Tilia cordata 'Rancho'";2021
19;14195;Dahlem;Bachstelzenweg;ggü3;L0070;"Tilia cordata 'Rancho'";2021
22;14195;Dahlem;"Balbronner Straße";1;R0225;"Parrotia persica";2022
25;14195;Dahlem;"Balbronner Straße";3;R0197;"Parrotia persica";2022
28;14195;Dahlem;"Balbronner Straße";6;L0170;"Parrotia persica";2022
31;14195;Dahlem;"Balbronner Straße";10;L0121;"Parrotia persica";2022
34;14195;Dahlem;"Balbronner Straße";11;R0107;"Parrotia persica";2022
37;14195;Dahlem;"Balbronner Straße";12;L0095;"Parrotia persica";2022
40;14195;Dahlem;"Balbronner Straße";15;R0059;"Parrotia persica";2022
43;14195;Dahlem;"Balbronner Straße";16;L0048;"Parrotia persica";2022
46;14195;Dahlem;Ehrenbergstraße;13;L0524;"Aesculus glabra";2022
49;14195;Dahlem;Ehrenbergstraße;16;R0457;"Aesculus glabra";2022
52;14195;Dahlem;Ehrenbergstraße;20;R0334;"Aesculus glabra";2022
55;14195;Dahlem;Ehrenbergstraße;21;L0364;"Aesculus glabra";2022
58;14195;Dahlem;Ehrenbergstraße;24;R0285;"Aesculus glabra";2022
61;14195;Dahlem;Ehrenbergstraße;24;R0296;"Aesculus glabra";2022
64;14195;Dahlem;Ehrenbergstraße;37;L0071;"Aesculus glabra";2022
67;14195;Dahlem;Ehrenbergstraße;1b;L0692;"Aesculus glabra";2022
70;14195;Dahlem;Ehrenbergstraße;26-28;R0219;"Aesculus glabra";2022
73;14195;Dahlem;Ehrenbergstraße;36B;R0064;"Aesculus glabra";2022
76;14195;Dahlem;Ehrenbergstraße;"ggü 3";R0657;"Aesculus glabra";2022
79;14195;Dahlem;Ehrenbergstraße;"ggü 5";R0625;"Aesculus glabra";2022
82;14195;Dahlem;Englerallee;10;R0642;"Liquidambar styraciflua 'Worplesdon'";2021
85;14195;Dahlem;Englerallee;12;R0616;"Liquidambar styraciflua 'Worplesdon'";2021
88;14195;Dahlem;Englerallee;14;M0566;"Liquidambar styraciflua 'Worplesdon'";2021
91;14195;Dahlem;Englerallee;"29 A";M0191;"Liquidambar styraciflua";2020
94;14195;Dahlem;Englerallee;"ggü 24a";M0445;"Liquidambar styraciflua 'Worplesdon'";2021
97;14195;Dahlem;Englerallee;"ggü 27";R0269;"Liquidambar styraciflua 'Worplesdon'";2021
100;14195;Dahlem;Englerallee;"ggü 29A";M0209;"Liquidambar styraciflua";2020
103;14195;Dahlem;Englerallee;"ggü 30";M0237;"Liquidambar styraciflua 'Worplesdon'";2021
106;14195;Dahlem;Englerallee;"ggü 30a-e";M0224;"Liquidambar styraciflua 'Worplesdon'";2021
109;14195;Dahlem;Englerallee;"ggü 4";M0768;"Liquidambar styraciflua 'Worplesdon'";2021
112;14195;Dahlem;Englerallee;"ggü 40";M0075;"Liquidambar styraciflua 'Worplesdon'";2021
115;14195;Dahlem;Garystraße;1;R0086;"Tilia tomentosa 'Brabant'";2021
118;14195;Dahlem;Garystraße;20;L0263;"Tilia tomentosa 'Brabant'";2021
121;14195;Dahlem;Garystraße;24;L0316;"Tilia tomentosa 'Brabant'";2021
124;14195;Dahlem;Garystraße;35;R0428;"Tilia tomentosa 'Brabant'";2021
127;14195;Dahlem;Garystraße;37;R0480;"Tilia tomentosa 'Brabant'";2021
130;14195;Dahlem;Garystraße;39;R0517;"Tilia tomentosa 'Brabant'";2021
133;14195;Dahlem;Garystraße;39;R0529;"Tilia tomentosa 'Brabant'";2021
136;14195;Dahlem;Garystraße;"Jan 21";R0338;"Tilia tomentosa 'Brabant'";2021
139;14195;Dahlem;Garystraße;ggü24;R0311;"Tilia tomentosa 'Brabant'";2021
142;14195;Dahlem;Garystraße;;L0071;"Tilia tomentosa 'Brabant'";2021
145;14195;Dahlem;Gregor-Mendel-Straße;2;L0018;"Tilia tomentosa 'Brabant'";2022
148;14195;Dahlem;Gregor-Mendel-Straße;2;L0052;"Tilia tomentosa 'Brabant'";2022
151;14195;Dahlem;"Hüninger Straße";1;L0019;"Prunus sargentii";2021
154;14195;Dahlem;"Hüninger Straße";17;L0181;"Prunus sargentii";2021
157;14195;Dahlem;"Hüninger Straße";18;R0165;"Acer campestre";2021
160;14195;Dahlem;"Hüninger Straße";19;L0203;"Acer campestre 'Elsrijk'";2022
163;14195;Dahlem;"Hüninger Straße";21;L0221;"Crataegus x lavallei 'Carrierei'";2022
166;14195;Dahlem;"Hüninger Straße";24;R0212;"Acer campestre";2021
169;14195;Dahlem;"Hüninger Straße";25;L0251;"Acer campestre 'Elsrijk'";2022
172;14195;Dahlem;"Hüninger Straße";39;L0337;"Crataegus x lavallei 'Carrierei'";2021
175;14195;Dahlem;"Hüninger Straße";43;L0396;"Acer campestre";2021
178;14195;Dahlem;"Hüninger Straße";46;R0395;"Acer campestre 'Elsrijk'";2022
181;14195;Dahlem;"Hüninger Straße";50;R0444;"Acer campestre";2021
184;14195;Dahlem;"Hüninger Straße";"Ecke Garystr.";L0537;"Prunus sargentii";2021
187;14195;Dahlem;"Hüninger Straße";"Ecke Garystr.";L0537;"Prunus sargentii";2022
190;14195;Dahlem;"Hüninger Straße";"Ecke Garystr.";R0536;"Acer campestre";2021
193;14195;Dahlem;"Im Dol";25;L0469;"Aesculus carnea";2021
196;14195;Dahlem;"Im Dol";38;R0817;"Liquidambar styraciflua";2021
199;14195;Dahlem;"Im Dol";40;R0862;"Liquidambar styraciflua";2021
202;14195;Dahlem;"Im Dol";47;L0945;"Liquidambar styraciflua";2021
205;14195;Dahlem;"Im Dol";49;L0971;"Liquidambar styraciflua";2021
208;14195;Dahlem;"Im Dol";50;R1074;"Sophora japonica 'Princeton Upright'";2021
211;14195;Dahlem;"Im Dol";70;R1527;"Liquidambar styraciflua";2021
214;14195;Dahlem;"Im Dol";"62/62 A";R1303;"Liquidambar styraciflua";2021
217;14195;Dahlem;"Im Dol";"ggü 5";R0118;"Sophora japonica";2021
220;14195;Dahlem;Koserstraße;2;L0024;"Pyrus calleryana 'Chanticleer'";2020
223;14195;Dahlem;Koserstraße;6;L0094;"Pyrus calleryana 'Chanticleer'";2020
226;14195;Dahlem;Koserstraße;21;R0406;"Castanea sativa";2020
229;14195;Dahlem;Koserstraße;25;R0512;"Castanea sativa";2020
232;14195;Dahlem;Koserstraße;"08. Dez";L0160;"Pyrus calleryana 'Chanticleer'";2020
235;14195;Dahlem;Koserstraße;"ggü 2";R0008;"Pyrus calleryana 'Chanticleer'";2020
238;14195;Dahlem;Koserstraße;"ggü 8-12";R0197;"Pyrus calleryana 'Chanticleer'";2020
241;14195;Dahlem;Koserstraße;;R0044;"Pyrus calleryana 'Chanticleer'";2020
244;14195;Dahlem;Löhleinstraße;;R0982;"Castanea sativa";2020
247;14195;Dahlem;Löhleinstraße;;R1020;"Castanea sativa";2020
250;14195;Dahlem;Löhleinstraße;;R1074;"Castanea sativa";2020
253;14195;Dahlem;Miquelstraße;Park;L0033;"Tilia cordata 'Rancho'";2021
256;14195;Dahlem;"Reichshofer Straße";17;L0286;"Ulmus Resista (R) 'Rebona'";2021
259;14195;Dahlem;"Saargemünder Straße";"24 ggü";M0302;"Liquidambar styraciflua 'Worplesdon'";2022
262;14195;Dahlem;"Saargemünder Straße";"ggü 26";M0294;"Robinia pseudoacacia 'Casque Rouge'";2021
265;14195;Dahlem;"Saargemünder Straße";"ggü 30";M0352;"Liquidambar styraciflua 'Worplesdon'";2022
268;14195;Dahlem;"Saargemünder Straße";ggü14;M0140;"Tilia cordata 'Rancho'";2021
271;14195;Dahlem;"Saargemünder Straße";ggü14;M0145;"Tilia cordata 'Rancho'";2021
274;14195;Dahlem;"Saargemünder Straße";ggü14;M0157;"Sophora japonica 'Princeton Upright'";2021
277;14195;Dahlem;"Saargemünder Straße";ggü22;M0248;"Sophora japonica";2021
280;14195;Dahlem;"Saargemünder Straße";ggü22;M0268;"Tilia cordata 'Rancho'";2021
283;14195;Dahlem;"Saargemünder Straße";ggü22;M0278;"Tilia cordata 'Rancho'";2021
286;14195;Dahlem;Schwendenerstraße;8;L0191;"Acer platanoides 'Royal Red'";2021
289;14195;Dahlem;Schwendenerstraße;8;L0191;"Acer platanoides 'Royal Red'";2022
292;14195;Dahlem;Schwendenerstraße;15;R0305;"Acer platanoides 'Royal Red'";2021
295;14195;Dahlem;Schwendenerstraße;15;R0305;"Acer platanoides 'Royal Red'";2022
298;14195;Dahlem;Schwendenerstraße;16;L0169;"Prunus serrulata 'Kanzan'";2022
301;14195;Dahlem;Schwendenerstraße;18;L0333;"Acer platanoides 'Allershausen'";2021
304;14195;Dahlem;Schwendenerstraße;18;L0333;"Acer platanoides 'Allershausen'";2022
307;14195;Dahlem;Schwendenerstraße;21;R0385;"Acer platanoides 'Royal Red'";2021
310;14195;Dahlem;Schwendenerstraße;21;R0385;"Acer platanoides 'Royal Red'";2022
313;14195;Dahlem;Schwendenerstraße;27;R0518;"Acer platanoides 'Allershausen'";2022
316;14195;Dahlem;Schwendenerstraße;48;L0881;"Acer pseudoplatanus 'Atropurpureum'";2021
319;14195;Dahlem;Schwendenerstraße;48;L0881;"Acer pseudoplatanus 'Atropurpureum'";2022
322;14195;Dahlem;Schwendenerstraße;14a;L0272;"Acer platanoides 'Royal Red'";2021
325;14195;Dahlem;Schwendenerstraße;14a;L0272;"Acer platanoides 'Royal Red'";2022
328;14195;Dahlem;Schwendenerstraße;18-20;L0384;"Acer platanoides 'Allershausen'";2021
331;14195;Dahlem;Schwendenerstraße;18-20;L0384;"Acer platanoides 'Allershausen'";2022
334;14195;Dahlem;Starstraße;1;R0069;"Pyrus calleryana 'Chanticleer'";2020
337;14195;Dahlem;Starstraße;4;L0086;"Pyrus calleryana 'Chanticleer'";2020
340;14195;Dahlem;Starstraße;9;R0210;"Pyrus calleryana 'Chanticleer'";2020
343;14195;Dahlem;Starstraße;15;R0275;"Pyrus calleryana 'Chanticleer'";2020
346;14195;Dahlem;Starstraße;15;R0283;"Pyrus calleryana 'Chanticleer'";2020
349;14195;Dahlem;Starstraße;15;R0292;"Pyrus calleryana 'Chanticleer'";2020
352;14195;Dahlem;Starstraße;1b-3c;R0094;"Pyrus calleryana 'Chanticleer'";2020
355;14195;Dahlem;Starstraße;"neben 1";R0020;"Pyrus calleryana 'Chanticleer'";2020
358;14195;Dahlem;Starstraße;"neben 18";L0314;"Pyrus calleryana 'Chanticleer'";2020
361;14195;Dahlem;Thielallee;47;M0944;"Robinia pseudoacacia";2020
364;14195;Dahlem;Thielallee;52;M0971;"Robinia pseudoacacia";2021
367;14195;Dahlem;Thielallee;88;L1766;"Tilia cordata 'Greenspire'";2020
370;14195;Dahlem;Thielallee;88;L1802;"Tilia cordata 'Greenspire'";2020
373;14195;Dahlem;Thielallee;"ggü 38";M0794;"Robinia pseudoacacia";2020
376;14195;Dahlem;Vogelsang;9;R0158;"Betula pendula";2022
379;12247;Lankwitz;Beethovenstraße;16;L0258;"Aesculus carnea";2022
382;12247;Lankwitz;Beethovenstraße;14A;L0223;"Aesculus carnea";2022
385;12247;Lankwitz;Beethovenstraße;14C;L0236;"Aesculus carnea";2022
388;12247;Lankwitz;Calandrellistraße;50;L0869;"Acer platanoides 'Cleveland'";2020
391;12247;Lankwitz;Calandrellistraße;59;R0958;"Acer platanoides 'Cleveland'";2020
394;12247;Lankwitz;Kaiser-Wilhelm-Straße;97;R1454;"Ulmus 'Rebella'";2022
397;12247;Lankwitz;Kaiser-Wilhelm-Straße;103;R1510;"Ulmus 'Rebella'";2022
400;12247;Lankwitz;Kaiser-Wilhelm-Straße;103;R1523;"Ulmus 'Rebella'";2022
403;12247;Lankwitz;Kaiser-Wilhelm-Straße;120;L1834;"Ulmus 'Rebella'";2022
406;12247;Lankwitz;Kaiser-Wilhelm-Straße;107A;R1559;"Ulmus 'Rebella'";2022
409;12247;Lankwitz;Kaiser-Wilhelm-Straße;110-114a;L1669;"Ulmus Resista (R) 'New Horizon'";2022
412;12247;Lankwitz;Kaiser-Wilhelm-Straße;"ggü 122";R1846;"Ulmus 'Rebella'";2022
415;12247;Lankwitz;Seydlitzstraße;26;L0431;"Acer platanoides 'Allershausen'";2020
418;12247;Lankwitz;Seydlitzstraße;40;L0684;"Acer platanoides 'Allershausen'";2020
421;12247;Lankwitz;Seydlitzstraße;40;L0694;"Acer platanoides 'Allershausen'";2020
424;12247;Lankwitz;Seydlitzstraße;64;L1075;"Acer platanoides 'Allershausen'";2020
427;12247;Lankwitz;Seydlitzstraße;69;R1131;"Acer platanoides 'Allershausen'";2020
430;12247;Lankwitz;Seydlitzstraße;35b;R0592;"Acer platanoides 'Allershausen'";2020
433;12247;Lankwitz;Teltowkanalstraße;1;R0052;"Ulmus 'Columella' (R)";2022
436;12247;Lankwitz;Teltowkanalstraße;9;L0148;"Ulmus 'Columella' (R)";2022
439;12247;Lankwitz;Teltowkanalstraße;4A;R0151;"Ulmus 'Columella' (R)";2022
442;12247;Lankwitz;Waldmannstraße;ggü15-17;M0241;"Robinia pseudoacacia 'Sandraudiga'";2022
445;12247;Lankwitz;Waldmannstraße;ggü28;M0340;"Robinia pseudoacacia 'Sandraudiga'";2022
448;12247;Lankwitz;Wiesenweg;9;L0096;"Ulmus 'Columella' (R)";2022
451;12247;Lankwitz;Wiesenweg;10;L0007;"Ulmus 'Columella' (R)";2022
454;12247;Lankwitz;Wiesenweg;10;L0019;"Ulmus 'Columella' (R)";2022
457;12247;Lankwitz;Wiesenweg;10;L0033;"Ulmus 'Columella' (R)";2022
460;12247;Lankwitz;Wiesenweg;10;L0042;"Ulmus 'Columella' (R)";2022
463;12247;Lankwitz;Wiesenweg;45208;L0060;"Ulmus 'Columella' (R)";2022
466;12249;Lankwitz;"Am Gemeindepark";"ggü 48";L0550;"Sequoiadendron giganteum";2022
469;12249;Lankwitz;Eiswaldtstraße;1;L0052;"Tilia cordata 'Rancho'";2021
472;12249;Lankwitz;Eiswaldtstraße;23;L0387;"Tilia cordata 'Rancho'";2021
475;12249;Lankwitz;Eiswaldtstraße;24;L0475;"Tilia cordata 'Rancho'";2021
478;12249;Lankwitz;Eiswaldtstraße;27;L0449;"Tilia cordata 'Rancho'";2021
481;12249;Lankwitz;Eiswaldtstraße;"09. Nov";L0143;"Tilia cordata 'Rancho'";2021
484;12249;Lankwitz;Eiswaldtstraße;21a-b;L0353;"Tilia cordata 'Rancho'";2021
487;12249;Lankwitz;Eiswaldtstraße;23-27;L0420;"Tilia cordata 'Rancho'";2021
490;12249;Lankwitz;"Gräfentaler Straße";7;L0075;"Prunus avium 'Plena'";2021
493;12249;Lankwitz;"Gräfentaler Straße";11;R0142;"Prunus avium 'Plena'";2021
496;12249;Lankwitz;Retzowstraße;60;L0034;"Tilia cordata 'Rancho'";2022
499;12249;Lankwitz;Retzowstraße;56-58;L0058;"Tilia cordata 'Rancho'";2022
502;12249;Lankwitz;Retzowstraße;"60 neben";L0006;"Tilia cordata 'Rancho'";2022
505;12203;Lichterfelde;Gardeschützenweg;125;L1297;"Tilia tomentosa 'Brabant'";2022
508;12203;Lichterfelde;Haydnstraße;28;R0613;"Tilia tomentosa 'Brabant'";2021
511;12203;Lichterfelde;Haydnstraße;"ggü 12 A";L0219;"Tilia tomentosa 'Brabant'";2021
514;12203;Lichterfelde;Hortensienstraße;4;R0112;"Acer platanoides 'Allershausen'";2022
517;12203;Lichterfelde;Hortensienstraße;52;L0201;"Acer platanoides 'Allershausen'";2022
520;12203;Lichterfelde;Hortensienstraße;53;L0191;"Acer platanoides 'Allershausen'";2022
523;12203;Lichterfelde;Hortensienstraße;56;L0171;"Acer platanoides 'Allershausen'";2022
526;12203;Lichterfelde;Hortensienstraße;61;L0120;"Acer platanoides 'Allershausen'";2022
529;12203;Lichterfelde;Hortensienstraße;66;L0038;"Acer platanoides 'Allershausen'";2022
532;12203;Lichterfelde;Hortensienstraße;"59 ggü";R0141;"Acer platanoides 'Allershausen'";2022
535;12203;Lichterfelde;Karwendelstraße;10;R0110;"Acer platanoides 'Royal Red'";2022
538;12203;Lichterfelde;Karwendelstraße;21;L0199;"Acer platanoides 'Royal Red'";2022
541;12203;Lichterfelde;Karwendelstraße;26;R0283;"Acer platanoides 'Royal Red'";2022
544;12203;Lichterfelde;Karwendelstraße;36;R0356;"Acer platanoides 'Royal Red'";2022
547;12203;Lichterfelde;Karwendelstraße;41;L0399;"Acer platanoides 'Royal Red'";2022
550;12203;Lichterfelde;Karwendelstraße;42;R0395;"Acer platanoides 'Royal Red'";2022
553;12203;Lichterfelde;Karwendelstraße;30/30a;R0310;"Acer platanoides 'Royal Red'";2022
556;12203;Lichterfelde;Kyllmannstraße;22;L0096;"Tilia cordata 'Greenspire'";2022
559;12203;Lichterfelde;Lilienstraße;6;L0116;"Acer platanoides 'Allershausen'";2020
562;12203;Lichterfelde;Manteuffelstraße;27A;L0258;"Ulmus Resista (R) 'New Horizon'";2022
565;12203;Lichterfelde;Manteuffelstraße;5a;R0209;"Ulmus Resista (R) 'New Horizon'";2022
568;12203;Lichterfelde;Stockweg;17;L0177;"Tilia cordata 'Greenspire'";2022
571;12203;Lichterfelde;Stockweg;20;R0268;"Tilia cordata 'Greenspire'";2022
574;12203;Lichterfelde;Stockweg;"neben 21";L0331;"Tilia cordata 'Greenspire'";2022
577;12203;Lichterfelde;Undinestraße;5;L0085;"Tilia tomentosa 'Brabant'";2022
580;12203;Lichterfelde;Undinestraße;8;R0095;"Tilia tomentosa 'Brabant'";2022
583;12203;Lichterfelde;Undinestraße;31;L0409;"Tilia tomentosa 'Brabant'";2022
586;12203;Lichterfelde;Undinestraße;35;L0443;"Tilia tomentosa 'Brabant'";2022
589;12203;Lichterfelde;Undinestraße;46;R0535;"Tilia tomentosa 'Brabant'";2022
592;12203;Lichterfelde;Undinestraße;31/33;L0416;"Tilia tomentosa 'Brabant'";2022
595;12203;Lichterfelde;Undinestraße;45a;L0536;"Tilia tomentosa 'Brabant'";2022
598;12203;Lichterfelde;Willdenowstraße;4;L0053;"Sorbus aucuparia";2022
601;12203;Lichterfelde;Willdenowstraße;4;L0057;"Sorbus aucuparia";2022
604;12205;Lichterfelde;"Appenzeller Straße";"ggü 3";R0014;"Ulmus Resista (R) 'Rebona'";2020
607;12205;Lichterfelde;"Appenzeller Straße";"ggü 5";R0069;"Ulmus Resista (R) 'Rebona'";2020
610;12205;Lichterfelde;Carstennstraße;6;R0132;"Gleditsia triacanthos 'Skyline'";2020
613;12205;Lichterfelde;Carstennstraße;22;R0346;"Gleditsia triacanthos 'Skyline'";2020
616;12205;Lichterfelde;Carstennstraße;25;R0476;"Gleditsia triacanthos 'Skyline'";2020
619;12205;Lichterfelde;Carstennstraße;30;R0591;"Gleditsia triacanthos 'Skyline'";2020
622;12205;Lichterfelde;Carstennstraße;30;R0615;"Gleditsia triacanthos 'Skyline'";2020
625;12205;Lichterfelde;Carstennstraße;53;L0532;"Gleditsia triacanthos 'Skyline'";2020
628;12205;Lichterfelde;Carstennstraße;55;L0485;"Gleditsia triacanthos 'Skyline'";2020
631;12205;Lichterfelde;Carstennstraße;56;L0445;"Gleditsia triacanthos 'Skyline'";2020
634;12205;Lichterfelde;Carstennstraße;58;L0316;"Gleditsia triacanthos 'Skyline'";2020
637;12205;Lichterfelde;Carstennstraße;25A;R0487;"Gleditsia triacanthos 'Skyline'";2020
640;12205;Lichterfelde;Carstennstraße;35A;R0742;"Gleditsia triacanthos 'Skyline'";2020
643;12205;Lichterfelde;Carstennstraße;Spielpl.;L0828;"Gleditsia triacanthos 'Skyline'";2020
646;12205;Lichterfelde;Finckensteinallee;5;L0080;"Tilia tomentosa 'Brabant'";2022
649;12205;Lichterfelde;Finckensteinallee;5;L0099;"Tilia tomentosa 'Brabant'";2022
652;12205;Lichterfelde;Geibelstraße;3;R0124;"Ulmus Resista (R) 'Fiorente'";2021
655;12205;Lichterfelde;Geibelstraße;7;R0213;"Ulmus Resista (R) 'Fiorente'";2021
658;12205;Lichterfelde;Geibelstraße;9;R0245;"Ulmus Resista (R) 'Fiorente'";2021
661;12205;Lichterfelde;Geibelstraße;12;R0302;"Ulmus Resista (R) 'Fiorente'";2021
664;12205;Lichterfelde;Geibelstraße;16;L0349;"Ulmus Resista (R) 'Fiorente'";2021
667;12205;Lichterfelde;Geibelstraße;21;L0119;"Ulmus Resista (R) 'Fiorente'";2021
670;12205;Lichterfelde;Geibelstraße;"20 B";L0275;"Ulmus Resista (R) 'Fiorente'";2021
673;12205;Lichterfelde;Geibelstraße;22-28;L0082;"Ulmus Resista (R) 'Fiorente'";2021
676;12205;Lichterfelde;Geibelstraße;32-33;L0036;"Ulmus Resista (R) 'Fiorente'";2021
679;12205;Lichterfelde;"Gräfenberger Weg";15;L0257;"Corylus colurna";2022
682;12205;Lichterfelde;"Gräfenberger Weg";11A;L0209;"Corylus colurna";2021
685;12205;Lichterfelde;"Gräfenberger Weg";5A;L0088;"Corylus colurna";2022
688;12205;Lichterfelde;"Gräfenberger Weg";"neben 7A";L0139;"Corylus colurna";2022
691;12205;Lichterfelde;"Jägerndorfer Zeile";34;L0400;"Tilia tomentosa 'Brabant'";2022
694;12205;Lichterfelde;"Jägerndorfer Zeile";41;R0534;"Tilia tomentosa 'Brabant'";2022
697;12205;Lichterfelde;"Jägerndorfer Zeile";55;R0689;"Tilia tomentosa 'Brabant'";2022
700;12205;Lichterfelde;"Jägerndorfer Zeile";68;L0967;"Tilia tomentosa 'Brabant'";2022
703;12205;Lichterfelde;"Jägerndorfer Zeile";"30 a";L0332;"Tilia tomentosa 'Brabant'";2022
706;12205;Lichterfelde;Kadettenweg;51;L0721;"Robinia pseudoacacia 'Casque Rouge'";2021
709;12205;Lichterfelde;Kadettenweg;56;R0766;"Robinia pseudoacacia 'Casque Rouge'";2021
712;12205;Lichterfelde;"Lausanner Straße";34;L0356;"Tilia tomentosa 'Brabant'";2021
715;12205;Lichterfelde;"Lausanner Straße";41;R0343;"Tilia tomentosa 'Brabant'";2021
718;12205;Lichterfelde;"Lausanner Straße";79;R0104;"Tilia tomentosa 'Brabant'";2021
721;12205;Lichterfelde;"Lausanner Straße";79;R0120;"Tilia tomentosa 'Brabant'";2021
724;12205;Lichterfelde;"Lausanner Straße";79;R0136;"Tilia tomentosa 'Brabant'";2021
727;12205;Lichterfelde;"Lausanner Straße";84;L0058;"Tilia tomentosa 'Brabant'";2021
730;12205;Lichterfelde;"Lausanner Straße";"ggü 34";R0356;"Tilia tomentosa 'Brabant'";2021
733;12205;Lichterfelde;"Luzerner Straße";29;L0253;"Tilia cordata";2021
736;12205;Lichterfelde;"Luzerner Straße";29;L0253;"Tilia cordata";2022
739;12205;Lichterfelde;"Potsdamer Straße";2;R0073;"Liquidambar styraciflua 'Worplesdon'";2022
742;12205;Lichterfelde;"Potsdamer Straße (Lichterfelde)";50a-c;L0693;"Acer platanoides 'Allershausen'";2021
745;12205;Lichterfelde;"Thuner Platz";"ggü 3";TP0100;"Prunus serrulata 'Kanzan'";2021
748;12205;Lichterfelde;"Thuner Platz";;TP0110;"Prunus serrulata 'Kanzan'";2021
751;12205;Lichterfelde;"Thuner Platz";;TP080;"Prunus serrulata 'Kanzan'";2020
754;12205;Lichterfelde;"Thuner Platz";;TP090;"Prunus serrulata 'Kanzan'";2020
757;12205;Lichterfelde;"Unter den Eichen";ggü108;M1064;"Quercus rubra";2022
760;12205;Lichterfelde;Weddigenweg;39;L1214;"Tilia euchlora";2021
763;12205;Lichterfelde;Weddigenweg;"44 C";L1064;"Tilia euchlora";2021
766;12205;Lichterfelde;Weddigenweg;"ggü 55a";R0666;"Tilia euchlora";2021
769;12205;Lichterfelde;Weddigenweg;;L0970;"Tilia euchlora";2021
772;12205;Lichterfelde;Weddigenweg;;L1079;"Tilia euchlora";2021
775;12205;Lichterfelde;Weddigenweg;;R0215;"Tilia euchlora";2021
778;12207;Lichterfelde;Bahnhofstraße;32;L0492;"Acer platanoides 'Allershausen'";2022
781;12207;Lichterfelde;Bahnhofstraße;36;L0343;"Acer platanoides 'Allershausen'";2022
784;12207;Lichterfelde;"Briloner Weg";18;R0178;"Gleditsia triacanthos 'Skyline'";2021
787;12207;Lichterfelde;"Briloner Weg";20-22;R0193;"Liquidambar styraciflua";2021
790;12207;Lichterfelde;Celsiusstraße;8;R0150;"Tilia tomentosa 'Brabant'";2022
793;12207;Lichterfelde;Celsiusstraße;39;L0320;"Tilia tomentosa 'Brabant'";2022
796;12207;Lichterfelde;Celsiusstraße;57;L0548;"Tilia tomentosa 'Brabant'";2022
799;12207;Lichterfelde;Celsiusstraße;45264;R0132;"Tilia tomentosa 'Brabant'";2022
802;12207;Lichterfelde;Celsiusstraße;"Ecke Osdorfstr.";R0022;"Tilia tomentosa 'Brabant'";2022
805;12207;Lichterfelde;Gärtnerstraße;2;L0468;"Tilia tomentosa 'Szeleste'";2022
808;12207;Lichterfelde;Gärtnerstraße;1A;L0510;"Tilia tomentosa 'Szeleste'";2022
811;12207;Lichterfelde;Gärtnerstraße;1c;L0490;"Tilia tomentosa 'Szeleste'";2022
814;12207;Lichterfelde;Jungfernstieg;4a;SR041;"Ulmus Resista (R) 'Rebona'";2022
817;12207;Lichterfelde;Marienstraße;7A;R0454;"Aesculus carnea";2022
820;12207;Lichterfelde;Marienstraße;"Ecke Bassermannstr";R0986;"Tilia tomentosa 'Brabant'";2021
823;12207;Lichterfelde;Ortlerweg;20;R0159;"Corylus colurna";2021
826;12207;Lichterfelde;Ortlerweg;27;L0234;"Corylus colurna";2021
829;12207;Lichterfelde;Ortlerweg;30;R0268;"Acer platanoides 'Globosum'";2021
832;12207;Lichterfelde;Ortlerweg;31;L0271;"Corylus colurna";2021
835;12207;Lichterfelde;Prinzenstraße;1;R0060;"Robinia pseudoacacia 'Sandraudiga'";2022
838;12207;Lichterfelde;Prinzenstraße;2;R0074;"Robinia pseudoacacia 'Sandraudiga'";2022
841;12207;Lichterfelde;Prinzenstraße;10;L0038;"Robinia pseudoacacia 'Sandraudiga'";2022
844;12207;Lichterfelde;Prinzenstraße;21;R0020;"Robinia pseudoacacia 'Sandraudiga'";2022
847;12207;Lichterfelde;Prinzenstraße;7-7d;L0101;"Robinia pseudoacacia 'Sandraudiga'";2022
850;12207;Lichterfelde;"Schillerstraße (Lichterfelde)";29A;L0397;"Acer platanoides 'Allershausen'";2020
853;12207;Lichterfelde;Schwatlostraße;6;R0146;"Tilia cordata 'Greenspire'";2021
856;12207;Lichterfelde;Schwatlostraße;12;R0329;"Tilia cordata 'Greenspire'";2021
859;12207;Lichterfelde;Schwatlostraße;17;L0430;"Tilia cordata 'Greenspire'";2021
862;12207;Lichterfelde;Schwatlostraße;27;L0117;"Tilia cordata 'Greenspire'";2021
865;12207;Lichterfelde;Schwatlostraße;32;L0050;"Tilia cordata 'Greenspire'";2021
868;12207;Lichterfelde;Schwatlostraße;16A;R0431;"Tilia cordata 'Greenspire'";2021
871;12207;Lichterfelde;Schwatlostraße;"3 B";R0083;"Tilia cordata 'Greenspire'";2021
874;12207;Lichterfelde;Schwatlostraße;4a;R0105;"Tilia cordata 'Greenspire'";2021
877;12207;Lichterfelde;"Waltroper Platz";1;M0005;"Catalpa bignonioides";2022
880;12207;Lichterfelde;"Waltroper Platz";4;M0035;"Castanea sativa";2022
883;12207;Lichterfelde;"Waltroper Platz";5;M0049;"Castanea sativa";2022
886;12207;Lichterfelde;"Waltroper Platz";7;M0061;"Catalpa bignonioides";2022
889;12207;Lichterfelde;"Waltroper Platz";12;M0013;"Catalpa bignonioides";2022
892;12207;Lichterfelde;"Waltroper Platz";"ggü 6";M0072;"Catalpa bignonioides";2022
895;12209;Lichterfelde;"An der Schäferei";"ggü 6";L0027;"Betula pendula";2021
898;12209;Lichterfelde;Blanckertzweg;"Ecke Hildburghauser";R0030;"Ulmus Resista (R) 'Rebona'";2020
901;12209;Lichterfelde;"Geraer Straße";69;L0914;"Ulmus Resista (R) 'Regal'";2021
904;12209;Lichterfelde;"Geraer Straße";"Ecke Apoldaer Str.";R0989;"Tilia cordata 'Greenspire'";2020
907;12209;Lichterfelde;"Geraer Straße";"ggü 47B";R0696;"Acer platanoides 'Farlake'S Green'";2020
910;12209;Lichterfelde;"Geraer Straße";"ggü 50";L0713;"Ulmus Resista (R) 'Regal'";2021
913;12209;Lichterfelde;Grabenstraße;4;R0140;"Acer campestre 'Elsrijk'";2022
916;12209;Lichterfelde;Grabenstraße;10;R0377;"Acer campestre 'Elsrijk'";2022
919;12209;Lichterfelde;Grabenstraße;26;L0795;"Acer campestre 'Elsrijk'";2022
922;12209;Lichterfelde;Grabenstraße;35;L0330;"Acer campestre 'Elsrijk'";2022
925;12209;Lichterfelde;Grabenstraße;41;L0054;"Acer campestre 'Elsrijk'";2022
928;12209;Lichterfelde;Grabenstraße;"10 ggü";L0411;"Acer campestre 'Elsrijk'";2022
931;12209;Lichterfelde;Grabenstraße;28a;L0638;"Acer campestre 'Elsrijk'";2022
934;12209;Lichterfelde;Grabenstraße;28a;L0647;"Acer campestre 'Elsrijk'";2022
937;12209;Lichterfelde;Grabenstraße;"35 ggü";R0330;"Acer campestre 'Elsrijk'";2022
940;12209;Lichterfelde;Grabenstraße;"4 ggü";L0139;"Acer campestre 'Elsrijk'";2022
943;12209;Lichterfelde;Grabenstraße;"9 neben";R0342;"Acer campestre 'Elsrijk'";2022
946;12209;Lichterfelde;Großbeerenstraße;"7 ggü";R0204;"Tilia cordata 'Greenspire'";2022
949;12209;Lichterfelde;Heimkehlenstraße;7;L0090;"Acer platanoides 'Farlake'S Green'";2020
952;12209;Lichterfelde;Heimkehlenstraße;35;L0442;"Tilia cordata 'Greenspire'";2022
955;12209;Lichterfelde;Heimkehlenstraße;39;L0469;"Tilia cordata 'Greenspire'";2022
958;12209;Lichterfelde;Heimkehlenstraße;"ggü 22";L0275;"Tilia cordata 'Greenspire'";2020
961;12209;Lichterfelde;Heimkehlenstraße;"ggü 4";L0030;"Acer platanoides 'Fairview'";2021
964;12209;Lichterfelde;Kiesstraße;"Ecke Ferdinandstr.";R0160;"Prunus sargentii";2020
967;12209;Lichterfelde;Kiesstraße;"Eke Kiesstr.";R0224;"Prunus sargentii";2020
970;12209;Lichterfelde;Koloniestraße;2;R0055;"Tilia tomentosa 'Brabant'";2022
973;12209;Lichterfelde;Koloniestraße;22;L0058;"Tilia tomentosa 'Brabant'";2022
976;12209;Lichterfelde;"Lankwitzer Straße";7;R0216;"Ulmus Resista (R) 'Rebona'";2021
979;12209;Lichterfelde;Lorenzstraße;48;L0576;"Acer platanoides 'Fairview'";2021
982;12209;Lichterfelde;Lorenzstraße;49;L0558;"Acer platanoides 'Farlake'S Green'";2020
985;12209;Lichterfelde;Lorenzstraße;55;L0402;"Tilia cordata 'Greenspire'";2020
988;12209;Lichterfelde;Lorenzstraße;68;L0106;"Acer platanoides";2020
991;12209;Lichterfelde;Lorenzstraße;59A;L0286;"Tilia cordata 'Greenspire'";2020
994;12209;Lichterfelde;Lorenzstraße;"ggü 53";R0485;"Tilia cordata";2021
997;12209;Lichterfelde;Mariannenstraße;5;R0119;"Gleditsia triacanthos 'Skyline'";2021
1000;12209;Lichterfelde;Mariannenstraße;6;R0138;"Gleditsia triacanthos 'Skyline'";2021
1003;12209;Lichterfelde;Mariannenstraße;10;R0224;"Gleditsia triacanthos 'Skyline'";2021
1006;12209;Lichterfelde;Mariannenstraße;35;L0602;"Gleditsia triacanthos 'Skyline'";2021
1009;12209;Lichterfelde;Mariannenstraße;36;L0537;"Gleditsia triacanthos 'Skyline'";2021
1012;12209;Lichterfelde;Mariannenstraße;43;L0338;"Gleditsia triacanthos 'Skyline'";2021
1015;12209;Lichterfelde;Mariannenstraße;51;L0139;"Gleditsia triacanthos 'Skyline'";2021
1018;12209;Lichterfelde;Mariannenstraße;48a;L0191;"Gleditsia triacanthos 'Skyline'";2021
1021;12209;Lichterfelde;Mariannenstraße;51a;L0124;"Gleditsia triacanthos 'Skyline'";2021
1024;12209;Lichterfelde;"Oberhofer Weg";7;L0110;"Acer platanoides 'Farlake'S Green'";2020
1027;12209;Lichterfelde;Parallelstraße;"ggü 53";L0790;"Tilia cordata 'Greenspire'";2020
1030;12209;Lichterfelde;Sandhofweg;18;R0185;"Prunus avium 'Plena'";2021
1033;12209;Lichterfelde;Schütte-Lanz-Straße;38;R0352;"Ulmus Resista (R) 'Rebona'";2022
1036;12209;Lichterfelde;Schütte-Lanz-Straße;100;R1015;"Tilia cordata 'Rancho'";2022
1039;12209;Lichterfelde;Schütte-Lanz-Straße;102;R1044;"Ulmus Resista (R) 'Rebona'";2022
1042;12209;Lichterfelde;Schütte-Lanz-Straße;"ggü 106";L1086;"Ulmus Resista (R) 'Rebona'";2022
1045;12209;Lichterfelde;"Silzer Weg";33;L0322;"Prunus avium 'Plena'";2021
1048;12209;Lichterfelde;"Silzer Weg";45;L0438;"Prunus avium 'Plena'";2021
1051;12209;Lichterfelde;"Silzer Weg";45;L0461;"Prunus avium 'Plena'";2021
1054;12209;Lichterfelde;"Sonneberger Weg";26;L0301;"Acer platanoides 'Farlake'S Green'";2020
1057;12209;Lichterfelde;Woltmannweg;7;L0089;"Alnus spaethii";2022
1060;12209;Lichterfelde;Woltmannweg;9;L0105;"Alnus spaethii";2022
1063;12209;Lichterfelde;Woltmannweg;"18 ggü";L0208;"Alnus spaethii";2022
1066;12209;Lichterfelde;"Zerbster Straße";"Ecke Geraerstr. 49";L0169;"Ulmus Resista (R) 'Regal'";2021
1069;12249;Lichterfelde;"Hildburghauser Straße";173;R1093;"Tilia cordata";2021
1072;14167;Lichterfelde;Alsterweg;2;R0030;"Liquidambar styraciflua";2021
1075;14167;Lichterfelde;Alsterweg;18;R0186;"Liquidambar styraciflua";2021
1078;14167;Lichterfelde;Alsterweg;20;R0207;"Liquidambar styraciflua";2021
1081;14167;Lichterfelde;Alsterweg;40;R0473;"Liquidambar styraciflua";2021
1084;14167;Lichterfelde;Alsterweg;47;L0550;"Liquidambar styraciflua";2021
1087;14167;Lichterfelde;Alsterweg;62;R0717;"Liquidambar styraciflua";2021
1090;14167;Lichterfelde;Alsterweg;76;R0888;"Liquidambar styraciflua";2021
1093;14167;Lichterfelde;Alsterweg;77;L0892;"Liquidambar styraciflua";2021
1096;14167;Lichterfelde;Alsterweg;79;L0905;"Liquidambar styraciflua";2021
1099;14167;Lichterfelde;Alsterweg;79;L0927;"Liquidambar styraciflua";2021
1102;14167;Lichterfelde;Dollartstraße;14;L0121;"Acer rubrum 'Scanlon'";2021
1105;14167;Lichterfelde;Dollartstraße;"10. Dez";L0166;"Liquidambar styraciflua 'Worplesdon'";2021
1108;14167;Lichterfelde;Dollartstraße;"10. Dez";L0186;"Acer rubrum 'Scanlon'";2021
1111;14167;Lichterfelde;Dollartstraße;6a;L0230;"Acer rubrum 'Scanlon'";2021
1114;14167;Lichterfelde;Dollartstraße;"neben 4";L0277;"Liquidambar styraciflua 'Worplesdon'";2021
1117;14167;Lichterfelde;"Elmshorner Straße";50;L0258;"Corylus colurna";2022
1120;14167;Lichterfelde;Huntestraße;2;R0015;"Acer campestre 'Elsrijk'";2021
1123;14167;Lichterfelde;Huntestraße;9;L0115;"Acer campestre 'Elsrijk'";2021
1126;14167;Lichterfelde;Huntestraße;16;R0160;"Acer campestre 'Elsrijk'";2021
1129;14167;Lichterfelde;Huntestraße;25;L0288;"Acer campestre 'Elsrijk'";2021
1132;14167;Lichterfelde;Huntestraße;;L0068;"Acer campestre 'Elsrijk'";2021
1135;14167;Lichterfelde;Pinnauweg;20;R0225;"Sophora japonica";2020
1138;14167;Lichterfelde;Pinnauweg;21;L0200;"Sophora japonica";2020
1141;14167;Lichterfelde;Schottmüllerstraße;70;R0733;"Tilia cordata 'Greenspire'";2022
1144;14167;Lichterfelde;Schottmüllerstraße;82;R0880;"Tilia cordata 'Greenspire'";2022
1147;14167;Lichterfelde;Schottmüllerstraße;84;R0897;"Tilia cordata 'Greenspire'";2022
1150;14167;Lichterfelde;Schottmüllerstraße;"38A neben";R0394;"Tilia cordata 'Greenspire'";2022
1153;14167;Lichterfelde;Tollensestraße;2;R0014;"Acer campestre 'Elsrijk'";2021
1156;14167;Lichterfelde;Tollensestraße;9;L0100;"Acer campestre 'Elsrijk'";2021
1159;14167;Lichterfelde;Tollensestraße;16;R0154;"Acer campestre 'Elsrijk'";2021
1162;14167;Lichterfelde;Tollensestraße;28;R0325;"Acer campestre 'Elsrijk'";2021
1165;14167;Lichterfelde;Tollensestraße;34;R0398;"Acer campestre 'Elsrijk'";2021
1168;14167;Lichterfelde;Tollensestraße;35;L0382;"Acer campestre 'Elsrijk'";2021
1171;14167;Lichterfelde;Tollensestraße;51;L0520;"Acer campestre 'Elsrijk'";2021
1174;14167;Lichterfelde;Tollensestraße;37A;L0398;"Acer campestre 'Elsrijk'";2021
1177;14169;Lichterfelde;"Mörchinger Straße";127;L1176;"Prunus avium 'Plena'";2022
1180;14169;Lichterfelde;"Mörchinger Straße";127;L1176_01;"Prunus avium 'Plena'";2021
1183;14169;Lichterfelde;"Mörchinger Straße";130;R1213;"Prunus avium 'Plena'";2022
1186;14169;Lichterfelde;"Mörchinger Straße";130;R1213_04;"Prunus avium 'Plena'";2021
1189;14169;Lichterfelde;"Mörchinger Straße";131;L1235;"Prunus avium 'Plena'";2022
1192;14169;Lichterfelde;"Mörchinger Straße";131;L1235_02;"Prunus avium 'Plena'";2021
1195;14169;Lichterfelde;"Mörchinger Straße";135;L1305;"Prunus avium 'Plena'";2022
1198;14169;Lichterfelde;"Mörchinger Straße";135;L1305_03;"Prunus avium 'Plena'";2021
1201;14169;Lichterfelde;"Mörchinger Straße";138;R1299;"Prunus avium 'Plena'";2021
1204;14169;Lichterfelde;"Mörchinger Straße";138;R1299;"Prunus avium 'Plena'";2022
1207;14195;Lichterfelde;"Patschkauer Weg";22;L0147;"Tilia cordata 'Greenspire'";2022
1210;14195;Lichterfelde;"Patschkauer Weg";35;R0238;"Tilia cordata 'Greenspire'";2022
1213;14109;Nikolassee;Dreilindenstraße;;L0169;"Quercus robur";2021
1216;14109;Nikolassee;Dreilindenstraße;;L0782;"Quercus robur";2021
1219;14109;Nikolassee;Isoldestraße;5;L0202;"Acer platanoides 'Allershausen'";2020
1222;14109;Nikolassee;Lohengrinstraße;1;R0027;"Liquidambar styraciflua";2022
1225;14109;Nikolassee;Lohengrinstraße;;L0466;"Quercus cerris";2021
1228;14109;Nikolassee;Nibelungenstraße;7;R0425;"Quercus rubra";2021
1231;14109;Nikolassee;Tristanstraße;10;L0244;"Tilia tomentosa";2021
1234;14109;Nikolassee;Tristanstraße;13;R0259;"Tilia tomentosa";2021
1237;14109;Nikolassee;Tristanstraße;14;L0312;"Tilia tomentosa 'Brabant'";2021
1240;14109;Nikolassee;Tristanstraße;22;L0390;"Tilia tomentosa 'Brabant'";2021
1243;14129;Nikolassee;Alemannenstraße;2;L0111;"Tilia tomentosa 'Szeleste'";2022
1246;14129;Nikolassee;Alemannenstraße;"Ecke Cimbernstr.";L0833;"Tilia tomentosa 'Brabant'";2021
1249;14129;Nikolassee;Alemannenstraße;;L0801;"Tilia tomentosa 'Brabant'";2021
1252;14129;Nikolassee;Beskidenstraße;3;L0148;"Sophora japonica 'Princeton Upright'";2021
1255;14129;Nikolassee;Beskidenstraße;3;L0164;"Tilia cordata 'Erecta'";2021
1258;14129;Nikolassee;Beskidenstraße;5;L0180;"Sophora japonica 'Princeton Upright'";2021
1261;14129;Nikolassee;Beskidenstraße;5;L0196;"Tilia cordata 'Erecta'";2021
1264;14129;Nikolassee;Beskidenstraße;24;R0365;"Tilia cordata 'Erecta'";2021
1267;14129;Nikolassee;Borussenstraße;16;L0388;"Tilia tomentosa 'Brabant'";2021
1270;14129;Nikolassee;Borussenstraße;"nähe Bahnhof";R0931;"Robinia pseudoacacia 'Sandraudiga'";2021
1273;14129;Nikolassee;"Burgunder Straße";;R0234;"Platanus acerifolia";2021
1276;14129;Nikolassee;"Burgunder Straße";;R0247;"Platanus acerifolia";2021
1279;14129;Nikolassee;Gerkrathstraße;3;R0480;"Acer platanoides 'Cleveland'";2022
1282;14129;Nikolassee;Gerkrathstraße;"9 ggü";L0423;"Quercus rubra";2022
1285;14129;Nikolassee;Gerkrathstraße;"Ecke Kirchweg";L0173;"Quercus rubra";2022
1288;14129;Nikolassee;Gerkrathstraße;"Ecke Normannenstr";L0107;"Quercus rubra";2022
1291;14129;Nikolassee;Gerkrathstraße;"Höhe Normannenstr.";R0094;"Acer platanoides 'Cleveland'";2022
1294;14129;Nikolassee;"Pfeddersheimer Weg";1;L0039;"Corylus colurna";2020
1297;14129;Nikolassee;Prinz-Friedrich-Leopold-Straße;28;L0494;"Tilia cordata 'Greenspire'";2022
1300;14129;Nikolassee;Prinz-Friedrich-Leopold-Straße;31;R0555;"Tilia cordata 'Greenspire'";2022
1303;14129;Nikolassee;"Spanische Allee";;L2085;"Quercus cerris";2021
1306;14129;Nikolassee;"Spanische Allee";;L2129;"Quercus cerris";2021
1309;14129;Nikolassee;"Spanische Allee";;R2012;"Quercus cerris";2021
1312;14129;Nikolassee;"Spanische Allee";;R2056;"Quercus cerris";2021
1315;14129;Nikolassee;"Spanische Allee";;R2228;"Quercus cerris";2021
1318;14129;Nikolassee;Teutonenstraße;1;R0013;"Tilia tomentosa 'Brabant'";2021
1321;14129;Nikolassee;Teutonenstraße;17;R0325;"Aesculus glabra";2022
1324;14129;Nikolassee;Teutonenstraße;24;L0516;"Aesculus glabra";2022
1327;14129;Nikolassee;Teutonenstraße;25;R0464;"Aesculus glabra";2022
1330;14129;Nikolassee;Teutonenstraße;28;L0540;"Aesculus glabra";2022
1333;14129;Nikolassee;Teutonenstraße;1A;R0074;"Aesculus carnea 'Briotii'";2021
1336;14129;Nikolassee;Teutonenstraße;20/22;L0424;"Aesculus glabra";2022
1339;14129;Nikolassee;Tewsstraße;"ggü 12";R0249;"Ulmus Hybride 'Lobel'";2021
1342;14129;Nikolassee;Wasgenstraße;5;L0120;"Alnus spaethii";2021
1345;14129;Nikolassee;Wasgenstraße;18;R0401;"Ulmus Hybride 'Lobel'";2021
1348;14129;Nikolassee;Wasgenstraße;25/27;L0406;"Ulmus Hybride 'Lobel'";2021
1351;14129;Nikolassee;Wasgenstraße;"Ecke Krottnauer";R0718;"Ulmus Hybride 'Lobel'";2021
1354;14129;Nikolassee;Wasgenstraße;"ggü 47";R0546;"Ulmus Hybride 'Lobel'";2021
1357;14129;Nikolassee;Wasgenstraße;"ggü 49";R0645;"Quercus cerris";2021
1360;14129;Nikolassee;Wasgenstraße;"ggü Aldi";R0994;"Ulmus Hybride 'Lobel'";2021
1363;14163;Nikolassee;Charles-H.-King-Straße;19;L0235;"Corylus colurna";2022
1366;14163;Nikolassee;Lloyd-G.-Wells-Straße;1;R0277;"Robinia pseudoacacia 'Casque Rouge'";2020
1369;14163;Nikolassee;Lloyd-G.-Wells-Straße;9;L0258;"Robinia pseudoacacia 'Casque Rouge'";2020
1372;14163;Nikolassee;Lloyd-G.-Wells-Straße;9;R0242;"Robinia pseudoacacia 'Casque Rouge'";2020
1375;14163;Nikolassee;Lloyd-G.-Wells-Straße;9;R0268;"Robinia pseudoacacia 'Casque Rouge'";2020
1378;14163;Nikolassee;Lloyd-G.-Wells-Straße;12;L0223;"Robinia pseudoacacia 'Casque Rouge'";2020
1381;14163;Nikolassee;Lloyd-G.-Wells-Straße;12;L0239;"Robinia pseudoacacia 'Casque Rouge'";2020
1384;14163;Nikolassee;Lloyd-G.-Wells-Straße;22;L0151;"Robinia pseudoacacia 'Casque Rouge'";2020
1387;14163;Nikolassee;Lloyd-G.-Wells-Straße;25;R0212;"Robinia pseudoacacia 'Casque Rouge'";2020
1390;14163;Nikolassee;Lloyd-G.-Wells-Straße;"ggü 41";L0113;"Robinia pseudoacacia 'Casque Rouge'";2020
1393;14163;Nikolassee;Lloyd-G.-Wells-Straße;"ggü 41";L0136;"Robinia pseudoacacia 'Casque Rouge'";2020
1396;14129;Schlachtensee;"An der Rehwiese";8;R0361;"Acer platanoides 'Cleveland'";2022
1399;14129;Schlachtensee;"An der Rehwiese";9;R0376;"Acer platanoides 'Cleveland'";2022
1402;14129;Schlachtensee;"An der Rehwiese";12;R0527;"Acer platanoides 'Cleveland'";2022
1405;14129;Schlachtensee;"An der Rehwiese";14;R0574;"Acer platanoides 'Cleveland'";2022
1408;14129;Schlachtensee;"An der Rehwiese";18;R0789;"Acer platanoides 'Cleveland'";2022
1411;14129;Schlachtensee;"An der Rehwiese";24;R0950;"Acer platanoides 'Cleveland'";2022
1414;14129;Schlachtensee;"An der Rehwiese";"1 ggü";L0023;"Castanea sativa";2022
1417;14129;Schlachtensee;"An der Rehwiese";15a;R0659;"Acer platanoides 'Cleveland'";2022
1420;14129;Schlachtensee;"An der Rehwiese";"22 ggü";L0843;"Quercus rubra";2022
1423;14129;Schlachtensee;"An der Rehwiese";"ggü 11";L0439;"Quercus rubra";2022
1426;14129;Schlachtensee;"An der Rehwiese";"ggü 14";L0568;"Quercus rubra";2022
1429;14129;Schlachtensee;"An der Rehwiese";"ggü 1a";L0037;"Quercus rubra";2022
1432;14129;Schlachtensee;"An der Rehwiese";"ggü 29";L1318;"Quercus rubra";2022
1435;14129;Schlachtensee;"An der Rehwiese";"ggü 29";L1344;"Quercus rubra";2022
1438;14129;Schlachtensee;"An der Rehwiese";"ggü 3a";L0166;"Quercus rubra";2022
1441;14129;Schlachtensee;"An der Rehwiese";"ggü 3a";L0178;"Quercus rubra";2022
1444;14129;Schlachtensee;"An der Rehwiese";"ggü 4";L0187;"Quercus rubra";2022
1447;14129;Schlachtensee;"An der Rehwiese";"ggü 4";L0225;"Quercus rubra";2022
1450;14129;Schlachtensee;"An der Rehwiese";"ggü 4";L0244;"Quercus rubra";2022
1453;14129;Schlachtensee;"An der Rehwiese";"ggü 5";L0256;"Quercus rubra";2022
1456;14129;Schlachtensee;"An der Rehwiese";"ggü 8";L0351;"Quercus rubra";2022
1459;14129;Schlachtensee;Krottnaurerstraße;34;R0710;"Tilia cordata 'Greenspire'";2022
1462;14129;Schlachtensee;Krottnaurerstraße;38;R0756;"Tilia cordata 'Greenspire'";2022
1465;14129;Schlachtensee;Krottnaurerstraße;45;L0830;"Ulmus Resista (R) 'Fiorente'";2022
1468;14129;Schlachtensee;Krottnaurerstraße;45;L0842;"Ulmus Resista (R) 'Fiorente'";2022
1471;14129;Schlachtensee;Krottnaurerstraße;82;R1158;"Ulmus Resista (R) 'Fiorente'";2022
1474;14129;Schlachtensee;Krottnaurerstraße;82/84;R1174;"Ulmus Resista (R) 'Fiorente'";2022
1477;14129;Schlachtensee;Krottnaurerstraße;"neben 49";L0909;"Ulmus Resista (R) 'Fiorente'";2022
1480;14129;Schlachtensee;Tewsstraße;8;L0168;"Ulmus Resista (R) 'New Horizon'";2022
1483;14129;Schlachtensee;Tewsstraße;12;L0251;"Ulmus Resista (R) 'New Horizon'";2022
1486;14129;Schlachtensee;Tewsstraße;18;L0319;"Ulmus Resista (R) 'New Horizon'";2022
1489;14129;Schlachtensee;Tewsstraße;16a;L0308;"Ulmus Resista (R) 'New Horizon'";2022
1492;14129;Schlachtensee;Tewsstraße;21-17;R0325;"Ulmus Resista (R) 'New Horizon'";2022
1495;14163;Schlachtensee;"Lindenthaler Allee";4;L0202;"Alnus spaethii";2022
1498;14163;Schlachtensee;"Lindenthaler Allee";12;L0315;"Alnus spaethii";2022
1501;14163;Schlachtensee;"Lindenthaler Allee";"5 neben";R0247;"Alnus spaethii";2022
1504;14163;Schlachtensee;Veronikasteig;4;R0042;"Acer platanoides 'Allershausen'";2022
1507;12157;Steglitz;Körnerstraße;27;R0687;"Quercus rubra";2022
1510;12157;Steglitz;Körnerstraße;34;R0825;"Quercus rubra";2022
1513;12157;Steglitz;Körnerstraße;57;L0091;"Quercus rubra";2022
1516;12157;Steglitz;Körnerstraße;59;L0017;"Tilia cordata 'Greenspire'";2020
1519;12157;Steglitz;Körnerstraße;"neben 26";R0643;"Quercus rubra";2022
1522;12157;Steglitz;"Lauenburger Straße";8;R0125;"Tilia cordata 'Lorberg'";2022
1525;12157;Steglitz;"Lauenburger Straße";27;L0473;"Magnolia kobus";2022
1528;12157;Steglitz;"Lauenburger Straße";28;R0462;"Magnolia kobus";2022
1531;12157;Steglitz;"Lauenburger Straße";34;R0534;"Magnolia kobus";2022
1534;12157;Steglitz;"Lauenburger Straße";37;L0564;"Magnolia kobus";2022
1537;12157;Steglitz;"Lauenburger Straße";37;L0572;"Magnolia kobus";2022
1540;12157;Steglitz;"Lauenburger Straße";15-17;L0253;"Sophora japonica 'Princeton Upright'";2022
1543;12163;Steglitz;Ahornstraße;3;R0078;"Acer platanoides";2022
1546;12163;Steglitz;Ahornstraße;19;L0270;"Acer platanoides";2022
1549;12163;Steglitz;Alsenstraße;10;R0080;"Acer platanoides 'Cleveland'";2022
1552;12163;Steglitz;Alsenstraße;11;R0092;"Acer platanoides 'Cleveland'";2022
1555;12163;Steglitz;Brentanostraße;7;L0085;"Tilia cordata 'Greenspire'";2022
1558;12163;Steglitz;Brentanostraße;40;R0484;"Tilia cordata 'Greenspire'";2022
1561;12163;Steglitz;Brentanostraße;42;R0498;"Tilia cordata 'Greenspire'";2022
1564;12163;Steglitz;Brentanostraße;57;L0667;"Tilia cordata 'Greenspire'";2020
1567;12163;Steglitz;Brentanostraße;68;R0750;"Tilia cordata 'Greenspire'";2022
1570;12163;Steglitz;Brentanostraße;54-58;R0644;"Tilia cordata 'Greenspire'";2022
1573;12163;Steglitz;Brentanostraße;"ggü 24";L0311;"Tilia cordata 'Greenspire'";2022
1576;12163;Steglitz;Buggestraße;7;R0178;"Quercus robur 'Fastigiata'";2022
1579;12163;Steglitz;Buggestraße;4a;R0043;"Quercus robur 'Fastigiata'";2022
1582;12163;Steglitz;Buggestraße;"ggü 15";R0238;"Quercus robur 'Fastigiata'";2022
1585;12163;Steglitz;Buggestraße;"ggü 16";R0223;"Quercus robur 'Fastigiata'";2022
1588;12163;Steglitz;Buggestraße;"ggü 21";R0071;"Quercus robur 'Fastigiata'";2022
1591;12163;Steglitz;Ermanstraße;19;L0183;"Tilia cordata 'Greenspire'";2022
1594;12163;Steglitz;Ermanstraße;20;R0204;"Tilia cordata 'Greenspire'";2022
1597;12163;Steglitz;Feuerbachstraße;20;R0193;"Ulmus Resista (R) 'Regal'";2020
1600;12163;Steglitz;Feuerbachstraße;20;R0204;"Ulmus Resista (R) 'Regal'";2020
1603;12163;Steglitz;Feuerbachstraße;44;R0638;"Ulmus Resista (R) 'Regal'";2020
1606;12163;Steglitz;Feuerbachstraße;55;L0733;"Ulmus Resista (R) 'Regal'";2020
1609;12163;Steglitz;Feuerbachstraße;59;L0772;"Ulmus Resista (R) 'Regal'";2020
1612;12163;Steglitz;Feuerbachstraße;59;L0785;"Ulmus Resista (R) 'Regal'";2020
1615;12163;Steglitz;Feuerbachstraße;"18A ggü";L0176;"Ulmus Resista (R) 'Regal'";2022
1618;12163;Steglitz;Feuerbachstraße;50-54;R0704;"Ulmus Resista (R) 'Regal'";2020
1621;12163;Steglitz;Feuerbachstraße;56-58;R0730;"Ulmus Resista (R) 'Regal'";2020
1624;12163;Steglitz;Flemmingstraße;19;L0200;"Fraxinus excelsior 'Geessink'";2022
1627;12163;Steglitz;Florastraße;14;R0057;"Tilia cordata 'Rancho'";2022
1630;12163;Steglitz;Florastraße;14;R0075;"Tilia cordata 'Rancho'";2022
1633;12163;Steglitz;Forststraße;I31;L0674;"Platanus acerifolia";2022
1636;12163;Steglitz;Fregestraße;Spielplatz;R0435;"Ulmus Resista (R) 'Rebona'";2021
1639;12163;Steglitz;Fregestraße;Spielplatz;R0448;"Ulmus Resista (R) 'Rebona'";2021
1642;12163;Steglitz;Ganghoferstraße;2;R0037;"Corylus colurna";2022
1645;12163;Steglitz;Ganghoferstraße;10;L0037;"Corylus colurna";2022
1648;12163;Steglitz;Grillparzerstraße;15;L0145;"Tilia cordata 'Greenspire'";2022
1651;12163;Steglitz;Grillparzerstraße;16;L0099;"Tilia cordata 'Greenspire'";2022
1654;12163;Steglitz;Gritznerstraße;15;L0186;"Acer platanoides 'Allershausen'";2022
1657;12163;Steglitz;Gutsmuthsstraße;24;L0128;"Tilia cordata 'Rancho'";2022
1660;12163;Steglitz;Gutsmuthsstraße;26;L0101;"Tilia cordata 'Rancho'";2022
1663;12163;Steglitz;Gutsmuthsstraße;"20 ggü";R0245;"Tilia cordata 'Rancho'";2022
1666;12163;Steglitz;Gutsmuthsstraße;"ggü 20";R0258;"Tilia cordata 'Rancho'";2022
1669;12163;Steglitz;"Haderslebener Straße";6;L0100;"Sophora japonica 'Princeton Upright'";2022
1672;12163;Steglitz;"Haderslebener Straße";15;R0236;"Sophora japonica 'Princeton Upright'";2022
1675;12163;Steglitz;"Haderslebener Straße";27;R0489;"Sophora japonica 'Princeton Upright'";2022
1678;12163;Steglitz;"Haderslebener Straße";34;L0517;"Sophora japonica 'Princeton Upright'";2022
1681;12163;Steglitz;"Haderslebener Straße";36;L0543;"Sophora japonica 'Princeton Upright'";2022
1684;12163;Steglitz;"Haderslebener Straße";45049;R0094;"Sophora japonica 'Princeton Upright'";2022
1687;12163;Steglitz;"Haderslebener Straße";"38 neben";L0594;"Sophora japonica 'Princeton Upright'";2022
1690;12163;Steglitz;"Haderslebener Straße";"38 neben";L0580;"Sophora japonica 'Princeton Upright'";2022
1693;12163;Steglitz;"Haderslebener Straße";ggü28;R0448;"Sophora japonica 'Princeton Upright'";2022
1696;12163;Steglitz;Herrfurthstraße;14;R0130;"Fraxinus pennsylvanica 'Summit'";2022
1699;12163;Steglitz;Herrfurthstraße;16;R0154;"Fraxinus pennsylvanica 'Summit'";2022
1702;12163;Steglitz;Hubertusstraße;7;R0154;"Prunus avium 'Plena'";2022
1705;12163;Steglitz;Hubertusstraße;8;L0163;"Crataegus laevigata";2022
1708;12163;Steglitz;Hubertusstraße;8;L0175;"Prunus avium 'Plena'";2022
1711;12163;Steglitz;Hubertusstraße;10;L0105;"Prunus avium 'Plena'";2022
1714;12163;Steglitz;Hubertusstraße;8a;L0153;"Prunus avium 'Plena'";2022
1717;12163;Steglitz;Lepsiusstraße;88;R1034;"Tilia cordata 'Greenspire'";2022
1720;12163;Steglitz;Lepsiusstraße;103;L1233;"Tilia cordata 'Greenspire'";2022
1723;12163;Steglitz;Lepsiusstraße;103;L1248;"Tilia cordata 'Greenspire'";2022
1726;12163;Steglitz;Lepsiusstraße;112;R1332;"Tilia cordata 'Greenspire'";2022
1729;12163;Steglitz;Lepsiusstraße;ggü117;R1430;"Tilia cordata 'Greenspire'";2022
1732;12163;Steglitz;Markelstraße;16;R0336;"Tilia cordata 'Greenspire'";2022
1735;12163;Steglitz;Muthesiusstraße;3;L0076;"Acer platanoides 'Allershausen'";2021
1738;12163;Steglitz;Opitzstraße;1;R0023;"Quercus rubra";2022
1741;12163;Steglitz;Opitzstraße;3;R0058;"Quercus rubra";2022
1744;12163;Steglitz;Opitzstraße;6;L0084;"Quercus rubra";2022
1747;12163;Steglitz;Opitzstraße;"ggü 5";L0132;"Quercus rubra";2022
1750;12163;Steglitz;Paulsenstraße;"05. Jun";R0153;"Tilia cordata 'Greenspire'";2020
1753;12163;Steglitz;Paulsenstraße;"Höhe Park";L0650;"Ulmus Resista (R) 'New Horizon'";2022
1756;12163;Steglitz;Peschkestraße;9;R0214;"Quercus petraea";2021
1759;12163;Steglitz;Peschkestraße;"ggü 13";R0249;"Tilia tomentosa 'Brabant'";2022
1762;12163;Steglitz;Rückertstraße;16;L0032;"Tilia cordata 'Greenspire'";2021
1765;12163;Steglitz;Schildhornstraße;52;L1105;"Aesculus carnea";2022
1768;12163;Steglitz;Schildhornstraße;95;L0200;"Carpinus betulus 'Fastigiata'";2022
1771;12163;Steglitz;Schildhornstraße;97;L0150;"Carpinus betulus 'Fastigiata'";2022
1774;12163;Steglitz;Schildhornstraße;10A;R0353;"Carpinus betulus 'Fastigiata'";2022
1777;12163;Steglitz;Schildhornstraße;93-94;L0228;"Carpinus betulus 'Fastigiata'";2022
1780;12163;Steglitz;"Schöneberger Straße";1;R0037;"Carpinus betulus 'Fastigiata'";2022
1783;12163;Steglitz;"Schöneberger Straße";13;L0145;"Carpinus betulus 'Fastigiata'";2022
1786;12163;Steglitz;"Schöneberger Straße";14a;L0071;"Carpinus betulus 'Fastigiata'";2022
1789;12163;Steglitz;Treitschkestraße;Schule;L0535;"Fraxinus excelsior";2022
1792;12165;Steglitz;"Am Fichtenberg";9;R0306;"Liquidambar styraciflua 'Moraine'";2022
1795;12165;Steglitz;"Am Fichtenberg";11;R0395;"Liquidambar styraciflua 'Moraine'";2022
1798;12165;Steglitz;"Am Fichtenberg";23;L0101;"Liquidambar styraciflua 'Moraine'";2022
1801;12165;Steglitz;"Am Fichtenberg";24;L0087;"Liquidambar styraciflua 'Moraine'";2022
1804;12165;Steglitz;"Am Fichtenberg";25;L0024;"Liquidambar styraciflua 'Moraine'";2022
1807;12165;Steglitz;"Am Fichtenberg";KGA;R0152;"Liquidambar styraciflua 'Moraine'";2022
1810;12165;Steglitz;Rugestraße;3;R0072;"Prunus avium 'Plena'";2021
1813;12165;Steglitz;Rugestraße;3;R0072;"Prunus avium 'Plena'";2022
1816;12165;Steglitz;Rugestraße;21a;R0028;"Prunus avium 'Plena'";2021
1819;12165;Steglitz;Rugestraße;21a;R0028;"Prunus avium 'Plena'";2022
1822;12165;Steglitz;Schloßstraße;1;RM014;"Carpinus betulus 'Fastigiata'";2022
1825;12165;Steglitz;Schloßstraße;20;M0513;"Carpinus betulus 'Fastigiata'";2022
1828;12165;Steglitz;Schmidt-Ott-Straße;15;L0320;"Pinus sylvestris";2022
1831;12165;Steglitz;Schützenstraße;1;R0025;"Malus tschonoskii";2022
1834;12165;Steglitz;Schützenstraße;2;R0074;"Malus tschonoskii";2022
1837;12165;Steglitz;Schützenstraße;3;R0081;"Malus tschonoskii";2022
1840;12165;Steglitz;Schützenstraße;7;R0142;"Malus tschonoskii";2022
1843;12165;Steglitz;Schützenstraße;13;R0259;"Malus tschonoskii";2022
1846;12165;Steglitz;Schützenstraße;14;R0277;"Malus tschonoskii";2022
1849;12165;Steglitz;Schützenstraße;32;L0680;"Malus tschonoskii";2022
1852;12165;Steglitz;Schützenstraße;44;L0251;"Malus tschonoskii";2022
1855;12165;Steglitz;Schützenstraße;44;L0266;"Malus tschonoskii";2022
1858;12165;Steglitz;Schützenstraße;52;L0103;"Malus tschonoskii";2022
1861;12165;Steglitz;Schützenstraße;54;L0054;"Malus tschonoskii";2022
1864;12165;Steglitz;Schützenstraße;45019;R0088;"Malus tschonoskii";2022
1867;12165;Steglitz;Schützenstraße;14A-42;L0349;"Malus tschonoskii";2022
1870;12165;Steglitz;Schützenstraße;"34 neben";L0587;"Malus tschonoskii";2022
1873;12165;Steglitz;Schützenstraße;41A;L0359;"Malus tschonoskii";2022
1876;12165;Steglitz;Schützenstraße;ggü42;R0331;"Malus tschonoskii";2022
1879;12165;Steglitz;Wolfensteindamm;"neben 11 A";M0479;"Tilia cordata 'Greenspire'";2020
1882;12167;Steglitz;Birkbuschstraße;18;R0410;"Tilia cordata 'Greenspire'";2022
1885;12167;Steglitz;Birkbuschstraße;30;R0787;"Platanus acerifolia 'Pyramidalis'";2022
1888;12167;Steglitz;Birkbuschstraße;63;L0861;"Tilia cordata 'Greenspire'";2022
1891;12167;Steglitz;Birkbuschstraße;35a;R0951;"Platanus x hispanica 'Tremonia'";2022
1894;12167;Steglitz;Birkbuschstraße;ggü53a;R1282;"Tilia cordata 'Greenspire'";2022
1897;12167;Steglitz;Borstellstraße;70;R0836;"Sorbus intermedia 'Brouwers'";2022
1900;12167;Steglitz;Borstellstraße;"70 neben";A0010;"Castanea sativa";2022
1903;12167;Steglitz;Buhrowstraße;21;L0199;"Tilia cordata 'Rancho'";2021
1906;12167;Steglitz;Denkstraße;2;R0088;"Gleditsia triacanthos 'Shademaster'";2022
1909;12167;Steglitz;Denkstraße;4;R0099;"Gleditsia triacanthos 'Shademaster'";2022
1912;12167;Steglitz;Denkstraße;4;R0123;"Gleditsia triacanthos 'Shademaster'";2022
1915;12167;Steglitz;Denkstraße;45240;L0105;"Gleditsia triacanthos 'Shademaster'";2022
1918;12167;Steglitz;Denkstraße;4/4A;R0110;"Gleditsia triacanthos 'Shademaster'";2022
1921;12167;Steglitz;Gravelottestraße;11;L0018;"Ginkgo biloba";2022
1924;12167;Steglitz;Gravelottestraße;"ggü 11";R0021;"Ginkgo biloba";2022
1927;12167;Steglitz;Gravelottestraße;"ggü 11";R0035;"Ginkgo biloba";2022
1930;12167;Steglitz;Halskestraße;7;R0222;"Tilia cordata 'Greenspire'";2022
1933;12167;Steglitz;Halskestraße;32;L0402;"Tilia cordata 'Greenspire'";2022
1936;12167;Steglitz;Halskestraße;36;L0332;"Tilia cordata 'Greenspire'";2022
1939;12167;Steglitz;Halskestraße;44;L0097;"Tilia cordata 'Greenspire'";2021
1942;12167;Steglitz;Halskestraße;46;L0053;"Tilia cordata 'Greenspire'";2022
1945;12167;Steglitz;Halskestraße;"ggü 47";R0033;"Tilia cordata 'Greenspire'";2022
1948;12167;Steglitz;Heinrich-Seidel-Straße;1;R0021;"Tilia tomentosa 'Brabant'";2022
1951;12167;Steglitz;Heinrich-Seidel-Straße;3;R0073;"Tilia cordata";2020
1954;12167;Steglitz;Heinrich-Seidel-Straße;"ggü 1";L0026;"Tilia tomentosa";2022
1957;12167;Steglitz;Karl-Stieler-Straße;1;R0049;"Alnus spaethii";2021
1960;12167;Steglitz;Karl-Stieler-Straße;3;R0103;"Alnus spaethii";2021
1963;12167;Steglitz;Karl-Stieler-Straße;4;R0147;"Alnus spaethii";2021
1966;12167;Steglitz;Karl-Stieler-Straße;12a;L0290;"Alnus spaethii";2021
1969;12167;Steglitz;Karl-Stieler-Straße;3a;R0115;"Alnus spaethii";2021
1972;12167;Steglitz;Karl-Stieler-Straße;"ggü 10";R0387;"Alnus spaethii";2021
1975;12167;Steglitz;Lacknerstraße;5;R0125;"Prunus serrulata 'Kanzan'";2020
1978;12167;Steglitz;Liliencronstraße;"16 a";L0070;"Tilia tomentosa";2022
1981;12167;Steglitz;Liliencronstraße;ggü7;L0184;"Tilia cordata 'Greenspire'";2021
1984;12167;Steglitz;Orleansstraße;13;L0073;"Malus tschonoskii";2022
1987;12169;Steglitz;Altmarkstraße;9;R0341;"Fraxinus pennsylvanica 'Summit'";2022
1990;12169;Steglitz;Altmarkstraße;11;R0428;"Fraxinus pennsylvanica 'Summit'";2022
1993;12169;Steglitz;Altmarkstraße;16;L0383;"Fraxinus pennsylvanica 'Summit'";2022
1996;12169;Steglitz;Altmarkstraße;16;L0397;"Fraxinus pennsylvanica 'Summit'";2022
1999;12169;Steglitz;Altmarkstraße;18;L0349;"Fraxinus pennsylvanica 'Summit'";2022
2002;12169;Steglitz;Altmarkstraße;23;L0150;"Fraxinus pennsylvanica 'Summit'";2022
2005;12169;Steglitz;Altmarkstraße;25;L0109;"Fraxinus pennsylvanica 'Summit'";2022
2008;12169;Steglitz;Altmarkstraße;22a;L0212;"Fraxinus pennsylvanica 'Summit'";2022
2011;12169;Steglitz;Altmarkstraße;2b;R0064;"Fraxinus pennsylvanica 'Summit'";2022
2014;12169;Steglitz;Altmarkstraße;3A;R0145;"Fraxinus pennsylvanica 'Summit'";2022
2017;12169;Steglitz;"Bismarckstraße (Steglitz)";;L1576;"Alnus spaethii";2021
2020;12169;Steglitz;Filandastraße;14;M0556;"Ginkgo biloba";2021
2023;12169;Steglitz;Filandastraße;14;M0556;"Ginkgo biloba";2022
2026;12169;Steglitz;Filandastraße;"Ecke Südendstr.";M0308;"Ginkgo biloba";2021
2029;12169;Steglitz;Filandastraße;"Ecke Südendstr.";M0308;"Ginkgo biloba";2022
2032;12169;Steglitz;Filandastraße;"Ecke Wuthenowstr.";M0498;"Liquidambar styraciflua";2021
2035;12169;Steglitz;Filandastraße;"Ecke Wuthenowstr.";M0498;"Liquidambar styraciflua";2022
2038;12169;Steglitz;Filandastraße;"Ecke Wuthenowstr.";M0516;"Gleditsia triacanthos f. Inermis";2021
2041;12169;Steglitz;Filandastraße;"Ecke Wuthenowstr.";M0516;"Gleditsia triacanthos f. Inermis";2022
2044;12169;Steglitz;Filandastraße;"ggü 22 B";M0261;"Gleditsia triacanthos f. Inermis";2021
2047;12169;Steglitz;Filandastraße;"ggü 22 B";M0261;"Gleditsia triacanthos f. Inermis";2022
2050;12169;Steglitz;Filandastraße;ggü12;M0452;"Gleditsia triacanthos f. Inermis";2021
2053;12169;Steglitz;Filandastraße;ggü12;M0452;"Gleditsia triacanthos f. Inermis";2022
2056;12169;Steglitz;Filandastraße;ggü21;M0435;"Ginkgo biloba";2021
2059;12169;Steglitz;Filandastraße;ggü21;M0435;"Ginkgo biloba";2022
2062;12169;Steglitz;Filandastraße;ggü22;M0389;"Liquidambar styraciflua";2021
2065;12169;Steglitz;Filandastraße;ggü22;M0389;"Liquidambar styraciflua";2022
2068;12169;Steglitz;Filandastraße;ggü22;M0405;"Ginkgo biloba";2021
2071;12169;Steglitz;Filandastraße;ggü22;M0405;"Ginkgo biloba";2022
2074;12169;Steglitz;Filandastraße;ggü22B;M0280;"Gleditsia triacanthos f. Inermis";2021
2077;12169;Steglitz;Filandastraße;ggü22B;M0280;"Gleditsia triacanthos f. Inermis";2022
2080;12169;Steglitz;Filandastraße;;M0295;"Gleditsia triacanthos f. Inermis";2021
2083;12169;Steglitz;Filandastraße;;M0295;"Gleditsia triacanthos f. Inermis";2022
2086;12169;Steglitz;Filandastraße;;M0369;"Liquidambar styraciflua";2021
2089;12169;Steglitz;Filandastraße;;M0369;"Liquidambar styraciflua";2022
2092;12169;Steglitz;Filandastraße;;M0473;"Liquidambar styraciflua";2021
2095;12169;Steglitz;Filandastraße;;M0473;"Liquidambar styraciflua";2022
2098;12169;Steglitz;Kottesteig;1;R0024;"Acer platanoides 'Globosum'";2020
2101;12169;Steglitz;Kottesteig;3;R0044;"Acer platanoides 'Globosum'";2020
2104;12169;Steglitz;Kottesteig;4;L0034;"Acer platanoides 'Globosum'";2020
2107;12169;Steglitz;"Neue Filandastraße";"Ecke Filandastr";M0217;"Liquidambar styraciflua";2021
2110;12169;Steglitz;"Neue Filandastraße";"Ecke Filandastr";M0217;"Liquidambar styraciflua";2022
2113;12169;Steglitz;"Neue Filandastraße";"Ecke Filandastr.";M0228;"Ginkgo biloba";2021
2116;12169;Steglitz;"Neue Filandastraße";"Ecke Filandastr.";M0228;"Ginkgo biloba";2022
2119;12169;Steglitz;"Neue Filandastraße";ggü4A;M0122;"Gleditsia triacanthos f. Inermis";2021
2122;12169;Steglitz;"Neue Filandastraße";ggü4A;M0122;"Gleditsia triacanthos f. Inermis";2022
2125;12169;Steglitz;"Neue Filandastraße";ggü4A;M0133;"Gleditsia triacanthos f. Inermis";2021
2128;12169;Steglitz;"Neue Filandastraße";ggü4A;M0133;"Gleditsia triacanthos f. Inermis";2022
2131;12169;Steglitz;"Neue Filandastraße";ggü5;M0150;"Ginkgo biloba";2021
2134;12169;Steglitz;"Neue Filandastraße";ggü5;M0171;"Ginkgo biloba";2022
2137;12169;Steglitz;"Neue Filandastraße";ggü6;M0181;"Liquidambar styraciflua";2021
2140;12169;Steglitz;"Neue Filandastraße";ggü6;M0181;"Liquidambar styraciflua";2022
2143;12169;Steglitz;"Neue Filandastraße";ggü6;M0200;"Gleditsia triacanthos f. Inermis";2021
2146;12169;Steglitz;"Neue Filandastraße";ggü6;M0200;"Gleditsia triacanthos f. Inermis";2022
2149;12169;Steglitz;Oehlertring;1;L0035;"Tilia cordata 'Greenspire'";2021
2152;12169;Steglitz;Sohnreystraße;1;R0077-02;"Sophora japonica 'Princeton Upright'";2021
2155;12169;Steglitz;Sohnreystraße;2d;R0113;"Sophora japonica 'Princeton Upright'";2020
2158;12169;Steglitz;Steinstraße;4;R0077;"Acer platanoides 'Allershausen'";2022
2161;12169;Steglitz;Steinstraße;13;L0297;"Acer platanoides 'Allershausen'";2022
2164;12169;Steglitz;Steinstraße;22;L0091;"Acer platanoides 'Allershausen'";2022
2167;12169;Steglitz;Südendstraße;25;R0670;"Tilia cordata 'Greenspire'";2022
2170;12169;Steglitz;Südendstraße;26;R0690;"Tilia cordata 'Greenspire'";2022
2173;12247;Steglitz;Attilastraße;86;M0112;"Alnus spaethii";2021
2176;12247;Steglitz;Attilastraße;86;M0122;"Alnus spaethii";2021
2179;12247;Steglitz;Attilastraße;86C;M0050;"Alnus spaethii";2021
2182;12247;Steglitz;Attilastraße;86D;M0040;"Alnus spaethii";2021
2185;12247;Steglitz;Siemensstraße;27;R0800;"Tilia cordata 'Greenspire'";2022
2188;12247;Steglitz;Siemensstraße;27;R0810;"Tilia cordata 'Greenspire'";2022
2191;14195;Steglitz;Königin-Luise-Straße;"ggü 22a";R0662;"Fraxinus excelsior 'Geessink'";2022
2194;14109;Wannsee;"Glienicker Straße";35;L0459;"Tilia cordata 'Erecta'";2022
2197;14109;Wannsee;Pardemannstraße;23;R0041;"Tilia tomentosa";2021
2200;14109;Wannsee;Pardemannstraße;ggü6;R0209;"Tilia tomentosa";2021
2203;14109;Wannsee;Schäferstraße;4;R0525;"Tilia cordata 'Erecta'";2022
2206;14109;Wannsee;Ulricistraße;27;L0280;"Acer rubrum 'Scanlon'";2021
2209;14109;Wannsee;Ulricistraße;41;R0331;"Acer rubrum 'Scanlon'";2021
2212;14109;Wannsee;Ulricistraße;"am F'hof";L0015;"Ulmus Hybride 'Dodoens'";2021
2215;14109;Wannsee;Ulricistraße;"am F'hof";L0030;"Acer rubrum 'Scanlon'";2021
2218;14109;Wannsee;Ulricistraße;"am F'hof";L0045;"Ulmus Hybride 'Dodoens'";2021
2221;14109;Wannsee;Ulricistraße;"am F'hof";L0060;"Acer rubrum 'Scanlon'";2021
2224;14129;Zehlendorf;"Ahrenshooper Zeile";2;L0035;"Tilia cordata 'Greenspire'";2020
2227;14129;Zehlendorf;Schopenhauerstraße;15;L0180;"Acer platanoides 'Allershausen'";2020
2230;14163;Zehlendorf;"Argentinische Allee";95;M1678;"Cercis siliquastrum";2021
2233;14163;Zehlendorf;"Argentinische Allee";112;L2926;"Gleditsia triacanthos 'Skyline'";2021
2236;14163;Zehlendorf;"Argentinische Allee";115;M1783;"Acer campestre";2021
2239;14163;Zehlendorf;"Argentinische Allee";133;M1956;"Alnus spaethii";2021
2242;14163;Zehlendorf;"Argentinische Allee";177;M02315;"Parrotia persica";2021
2245;14163;Zehlendorf;"Argentinische Allee";183;M2366;"Acer campestre";2021
2248;14163;Zehlendorf;"Argentinische Allee";185;M2381;"Alnus spaethii";2021
2251;14163;Zehlendorf;"Argentinische Allee";187;M2396;"Parrotia persica";2021
2254;14163;Zehlendorf;"Argentinische Allee";189;M2411;"Cercis siliquastrum";2021
2257;14163;Zehlendorf;"Argentinische Allee";191;M2426;"Castanea sativa";2021
2260;14163;Zehlendorf;"Argentinische Allee";193;M2441;"Alnus spaethii";2021
2263;14163;Zehlendorf;"Argentinische Allee";209;M2561;"Castanea sativa";2021
2266;14163;Zehlendorf;"Argentinische Allee";213;M2586;"Parrotia persica";2021
2269;14163;Zehlendorf;"Argentinische Allee";213;M2601;"Celtis australis";2021
2272;14163;Zehlendorf;"Argentinische Allee";215;M2615;"Acer campestre";2021
2275;14163;Zehlendorf;"Argentinische Allee";231;M2739;"Alnus spaethii";2021
2278;14163;Zehlendorf;"Argentinische Allee";231;M2749;"Gleditsia triacanthos 'Skyline'";2021
2281;14163;Zehlendorf;"Argentinische Allee";231;M2827;"Castanea sativa";2021
2284;14163;Zehlendorf;"Argentinische Allee";233;M2756;"Cercis siliquastrum";2021
2287;14163;Zehlendorf;"Argentinische Allee";237;M2840;"Parrotia persica";2021
2290;14163;Zehlendorf;"Argentinische Allee";241;M2908;"Acer campestre";2021
2293;14163;Zehlendorf;"Argentinische Allee";241;M2923;"Alnus spaethii";2021
2296;14163;Zehlendorf;"Argentinische Allee";190-198;L2436;"Gleditsia triacanthos 'Skyline'";2021
2299;14163;Zehlendorf;"Argentinische Allee";199-201;M2498;"Acer campestre";2021
2302;14163;Zehlendorf;"Argentinische Allee";209-2011;M2571;"Gleditsia triacanthos 'Skyline'";2021
2305;14163;Zehlendorf;"Argentinische Allee";"ggü 101/103";M1714;"Parrotia persica";2021
2308;14163;Zehlendorf;"Argentinische Allee";"ggü 209";L2559;"Celtis australis";2021
2311;14163;Zehlendorf;"Argentinische Allee";ggü145;M2032;"Celtis australis";2021
2314;14163;Zehlendorf;"Argentinische Allee";ggü173;M2288;"Castanea sativa";2021
2317;14163;Zehlendorf;"Argentinische Allee";"KH Waldfriede";M0957;"Castanea sativa";2021
2320;14163;Zehlendorf;Beerenstraße;39;R0872;"Quercus petraea";2021
2323;14163;Zehlendorf;Bülowstraße;31;L0661;"Tilia tomentosa";2021
2326;14163;Zehlendorf;Busseallee;1;L0214;"Alnus cordata";2021
2329;14163;Zehlendorf;Busseallee;13;L0367;"Alnus cordata";2021
2332;14163;Zehlendorf;Busseallee;17;L0412;"Alnus cordata";2021
2335;14163;Zehlendorf;Busseallee;33;L0578;"Alnus cordata";2021
2338;14163;Zehlendorf;Busseallee;35;A0030;"Castanea sativa";2022
2341;14163;Zehlendorf;Busseallee;"ggü 35";A0005;"Prunus serrulata 'Kanzan'";2022
2344;14163;Zehlendorf;Busseallee;"ggü 35";A0006;"Prunus serrulata 'Kanzan'";2022
2347;14163;Zehlendorf;Fischerhüttenstraße;29;R0317;"Tilia cordata 'Greenspire'";2022
2350;14163;Zehlendorf;Fischerhüttenstraße;34;L0586;"Tilia cordata 'Greenspire'";2022
2353;14163;Zehlendorf;Fischerhüttenstraße;40;L0669;"Liquidambar styraciflua 'Worplesdon'";2022
2356;14163;Zehlendorf;Fischerhüttenstraße;53;R0668;"Liquidambar styraciflua 'Worplesdon'";2022
2359;14163;Zehlendorf;Fischerhüttenstraße;55;R0692;"Liquidambar styraciflua 'Worplesdon'";2022
2362;14163;Zehlendorf;Fischerhüttenstraße;61;R0735;"Liquidambar styraciflua 'Worplesdon'";2022
2365;14163;Zehlendorf;Fischerhüttenstraße;63;R0802;"Liquidambar styraciflua 'Worplesdon'";2022
2368;14163;Zehlendorf;Fischerhüttenstraße;75;R1101;"Tilia cordata 'Greenspire'";2022
2371;14163;Zehlendorf;Fischerhüttenstraße;81;R1222;"Tilia cordata 'Greenspire'";2022
2374;14163;Zehlendorf;Fischerhüttenstraße;53-55;R0680;"Tilia cordata";2022
2377;14163;Zehlendorf;Fischerhüttenstraße;"ggü 50";R0903;"Liquidambar styraciflua 'Worplesdon'";2022
2380;14163;Zehlendorf;Fischerhüttenstraße;Schule;R0013;"Liquidambar styraciflua 'Worplesdon'";2022
2383;14163;Zehlendorf;"Forststraße (Zehlendorf)";32;L0588;"Ulmus 'Rebella'";2021
2386;14163;Zehlendorf;"Forststraße (Zehlendorf)";32;L0609;"Ulmus 'Rebella'";2021
2389;14163;Zehlendorf;"Forststraße (Zehlendorf)";34;L0670;"Ulmus 'Rebella'";2021
2392;14163;Zehlendorf;"Forststraße (Zehlendorf)";38;L0742;"Ulmus 'Rebella'";2021
2395;14163;Zehlendorf;"Forststraße (Zehlendorf)";44;L0854;"Ulmus 'Rebella'";2021
2398;14163;Zehlendorf;"Forststraße (Zehlendorf)";"ggü 14";R0220;"Ulmus 'Rebella'";2021
2401;14163;Zehlendorf;"Forststraße (Zehlendorf)";"ggü 34";R0653;"Ulmus 'Rebella'";2021
2404;14163;Zehlendorf;"Forststraße (Zehlendorf)";"ggü 34";R0670;"Ulmus 'Rebella'";2021
2407;14163;Zehlendorf;"Forststraße (Zehlendorf)";;R0618;"Ulmus 'Rebella'";2021
2410;14163;Zehlendorf;"Fürstenstraße (Zehlendorf)";;R0069;"Ulmus 'Rebella'";2021
2413;14163;Zehlendorf;Holstweg;2;R0041;"Quercus cerris";2022
2416;14163;Zehlendorf;Holstweg;5;L0056;"Quercus cerris";2022
2419;14163;Zehlendorf;Holstweg;7;L0077;"Quercus cerris";2022
2422;14163;Zehlendorf;Holstweg;10;R0120;"Quercus cerris";2022
2425;14163;Zehlendorf;Holstweg;19;L0194;"Quercus cerris";2022
2428;14163;Zehlendorf;Holstweg;20;R0220;"Quercus cerris";2022
2431;14163;Zehlendorf;Holstweg;21;L0209;"Quercus cerris";2022
2434;14163;Zehlendorf;Holstweg;26;R0280;"Quercus cerris";2022
2437;14163;Zehlendorf;Ithweg;11;L0101;"Sorbus aucuparia";2021
2440;14163;Zehlendorf;Kaunstraße;"Grünfläche Ecke Lindenth.";R0042;"Magnolia kobus";2020
2443;14163;Zehlendorf;Kirchstraße;4;R0114;"Tilia cordata 'Greenspire'";2021
2446;14163;Zehlendorf;Kleiststraße;21;L0170;"Acer platanoides 'Cleveland'";2022
2449;14163;Zehlendorf;Kramstaweg;5;L0082;"Gleditsia triacanthos 'Sunburst'";2022
2452;14163;Zehlendorf;Kramstaweg;13;L0166;"Gleditsia triacanthos 'Sunburst'";2022
2455;14163;Zehlendorf;Kramstaweg;15;L0192;"Gleditsia triacanthos 'Sunburst'";2022
2458;14163;Zehlendorf;Kramstaweg;24;R0252;"Gleditsia triacanthos 'Sunburst'";2022
2461;14163;Zehlendorf;Kramstaweg;28;R0289;"Gleditsia triacanthos 'Sunburst'";2022
2464;14163;Zehlendorf;Kramstaweg;34;R0344;"Gleditsia triacanthos 'Sunburst'";2022
2467;14163;Zehlendorf;Kramstaweg;34;R0358;"Gleditsia triacanthos 'Sunburst'";2022
2470;14163;Zehlendorf;Kramstaweg;21-23;L0334;"Gleditsia triacanthos 'Sunburst'";2022
2473;14163;Zehlendorf;Kramstaweg;"neben 4";R0050;"Gleditsia triacanthos 'Sunburst'";2022
2476;14163;Zehlendorf;Oertzenweg;23;R0379;"Magnolia kobus";2022
2479;14163;Zehlendorf;Oertzenweg;24;L0374;"Magnolia kobus";2022
2482;14163;Zehlendorf;Oertzenweg;27;R0336;"Magnolia kobus";2022
2485;14163;Zehlendorf;Oertzenweg;28;L0299;"Magnolia kobus";2022
2488;14163;Zehlendorf;Oertzenweg;34;L0270;"Magnolia kobus";2022
2491;14163;Zehlendorf;Oertzenweg;37;R0214;"Magnolia kobus";2022
2494;14163;Zehlendorf;Oertzenweg;43;R0153;"Magnolia kobus";2022
2497;14163;Zehlendorf;Oertzenweg;52;L0093;"Magnolia kobus";2022
2500;14163;Zehlendorf;Oertzenweg;55;R0024;"Magnolia kobus";2022
2503;14163;Zehlendorf;Oertzenweg;"ggü. 53";L0047;"Magnolia kobus";2022
2506;14163;Zehlendorf;"Potsdamer Chaussee";6;M0942;"Quercus petraea";2021
2509;14163;Zehlendorf;"Potsdamer Chaussee";20;M1054;"Quercus petraea";2021
2512;14163;Zehlendorf;"Potsdamer Chaussee";22;M1112;"Quercus petraea";2021
2515;14163;Zehlendorf;"Potsdamer Chaussee";30;R1484;"Quercus cerris";2021
2518;14163;Zehlendorf;"Potsdamer Chaussee";14a;M0653;"Quercus petraea";2021
2521;14163;Zehlendorf;"Potsdamer Chaussee";"33nähe Wasgenstr.";M1801;"Quercus petraea";2021
2524;14163;Zehlendorf;"Potsdamer Chaussee";36B;R2344;"Quercus petraea";2021
2527;14163;Zehlendorf;"Potsdamer Chaussee";"Ecke Wasgenstraße";M1862;"Quercus petraea";2021
2530;14163;Zehlendorf;"Potsdamer Chaussee";"ggü 24";M1280;"Quercus petraea";2021
2533;14163;Zehlendorf;"Potsdamer Chaussee";"ggü 35";M2165;"Quercus cerris";2021
2536;14163;Zehlendorf;"Potsdamer Chaussee";"ggü 35D";M2225;"Quercus petraea";2021
2539;14163;Zehlendorf;"Potsdamer Chaussee";"ggü 42";M2482;"Quercus cerris";2021
2542;14163;Zehlendorf;"Potsdamer Chaussee";"ggü 47f";M2707;"Quercus petraea";2021
2545;14163;Zehlendorf;"Potsdamer Chaussee";ggü.18;M0930;"Quercus petraea";2021
2548;14163;Zehlendorf;"Potsdamer Chaussee";ggü29;M1420;"Quercus cerris";2021
2551;14163;Zehlendorf;"Potsdamer Chaussee";ggü34F;M2148;"Quercus petraea";2021
2554;14163;Zehlendorf;"Potsdamer Chaussee";ggü8;M0337;"Quercus petraea";2021
2557;14163;Zehlendorf;"Potsdamer Chaussee";"nähe Wolzgenstr.";M0415;"Quercus cerris";2021
2560;14163;Zehlendorf;"Potsdamer Chaussee";;A0360;"Quercus robur";2021
2563;14163;Zehlendorf;"Potsdamer Chaussee";;A0425;"Quercus rubra";2021
2566;14163;Zehlendorf;"Potsdamer Chaussee";;A0428;"Quercus robur";2021
2569;14163;Zehlendorf;"Potsdamer Chaussee";;A0510;"Quercus rubra";2021
2572;14163;Zehlendorf;"Potsdamer Chaussee";;A0552;"Quercus robur";2021
2575;14163;Zehlendorf;"Potsdamer Chaussee";;A1188;"Quercus rubra";2021
2578;14163;Zehlendorf;"Potsdamer Chaussee";;A1240;"Liquidambar styraciflua";2022
2581;14163;Zehlendorf;"Potsdamer Chaussee";;A1290;"Liquidambar styraciflua";2022
2584;14163;Zehlendorf;"Potsdamer Straße (Zehlendorf)";15;M1162;"Quercus petraea";2021
2587;14163;Zehlendorf;"Potsdamer Straße (Zehlendorf)";11-11b;M1310;"Quercus petraea";2021
2590;14163;Zehlendorf;"Potsdamer Straße (Zehlendorf)";"Ecke Fürstenstr.";M1274;"Quercus petraea";2021
2593;14163;Zehlendorf;"Potsdamer Straße (Zehlendorf)";"ggü 26";M0927;"Quercus petraea";2021
2596;14163;Zehlendorf;"Potsdamer Straße (Zehlendorf)";"ggü 36";M0729;"Quercus petraea";2021
2599;14163;Zehlendorf;"Potsdamer Straße (Zehlendorf)";"ggü 42";M0609;"Quercus robur";2020
2602;14163;Zehlendorf;"Potsdamer Straße (Zehlendorf)";"ggü Düppelstr.";M0915;"Quercus petraea";2021
2605;14163;Zehlendorf;"Potsdamer Straße (Zehlendorf)";ggü.23/24;M0975;"Quercus petraea";2021
2608;14163;Zehlendorf;"Potsdamer Straße (Zehlendorf)";ggü.26/26a;M0925;"Quercus petraea";2021
2611;14163;Zehlendorf;"Potsdamer Straße (Zehlendorf)";ggü.29;M0885;"Quercus petraea";2021
2614;14163;Zehlendorf;"Potsdamer Straße (Zehlendorf)";ggü.32;M0820;"Quercus petraea";2021
2617;14163;Zehlendorf;"Potsdamer Straße (Zehlendorf)";"nähe 23";M1029;"Quercus petraea";2021
2620;14163;Zehlendorf;Ravenweg;9;L0139;"Catalpa bignonioides";2022
2623;14163;Zehlendorf;Ravenweg;25;L0326;"Catalpa bignonioides";2022
2626;14163;Zehlendorf;Ravenweg;25;L0336;"Catalpa bignonioides";2022
2629;14163;Zehlendorf;Ravenweg;"ggü 19";R0252;"Catalpa bignonioides";2022
2632;14163;Zehlendorf;Ravenweg;ggü25;R0333;"Catalpa bignonioides";2022
2635;14163;Zehlendorf;"Roonstraße (Zehlendorf)";31;R0360;"Tilia cordata 'Greenspire'";2020
2638;14163;Zehlendorf;"Singener Weg";3;R0268;"Malus 'Evereste'";2020
2641;14163;Zehlendorf;"Singener Weg";12;L0177;"Malus 'Evereste'";2020
2644;14163;Zehlendorf;"Singener Weg";ggü2;R0296;"Malus 'Evereste'";2020
2647;14163;Zehlendorf;Werderstraße;10;L0171;"Quercus petraea";2021
2650;14165;Zehlendorf;Andreezeile;9;L0427;"Tilia cordata 'Rancho'";2021
2653;14165;Zehlendorf;Andreezeile;10;R0425;"Liquidambar styraciflua 'Worplesdon'";2021
2656;14165;Zehlendorf;Andreezeile;12;R0464;"Liquidambar styraciflua 'Worplesdon'";2021
2659;14165;Zehlendorf;Andreezeile;13;L0468;"Liquidambar styraciflua 'Worplesdon'";2021
2662;14165;Zehlendorf;Andreezeile;14;R0484;"Tilia cordata 'Rancho'";2021
2665;14165;Zehlendorf;Andreezeile;23;L0636;"Acer platanoides 'Royal Red'";2021
2668;14165;Zehlendorf;Andreezeile;28;R0735;"Acer platanoides 'Royal Red'";2021
2671;14165;Zehlendorf;Andreezeile;31;L0784;"Acer platanoides 'Royal Red'";2021
2674;14165;Zehlendorf;Andreezeile;31;R0780;"Acer platanoides 'Royal Red'";2021
2677;14165;Zehlendorf;Andreezeile;25/27;L0700;"Acer platanoides 'Royal Red'";2021
2680;14165;Zehlendorf;Berlepschstraße;35a;L0533;"Tilia cordata 'Greenspire'";2022
2683;14165;Zehlendorf;Berlepschstraße;39a;L0554;"Tilia cordata 'Greenspire'";2022
2686;14165;Zehlendorf;Berlepschstraße;41C;L0617;"Tilia cordata 'Greenspire'";2022
2689;14165;Zehlendorf;Eilertstraße;2;L0366;"Ulmus 'Columella' (R)";2022
2692;14165;Zehlendorf;Eilertstraße;3;R0353;"Ulmus 'Columella' (R)";2022
2695;14165;Zehlendorf;Eilertstraße;5;R0330;"Ulmus 'Columella' (R)";2022
2698;14165;Zehlendorf;Eilertstraße;6;L0336;"Ulmus 'Columella' (R)";2022
2701;14165;Zehlendorf;Eilertstraße;7;R0306;"Ulmus 'Columella' (R)";2022
2704;14165;Zehlendorf;Eilertstraße;9;R0290;"Ulmus 'Columella' (R)";2022
2707;14165;Zehlendorf;Eilertstraße;20;L0174;"Ulmus 'Columella' (R)";2022
2710;14165;Zehlendorf;Eilertstraße;25;R0105;"Ulmus 'Columella' (R)";2022
2713;14165;Zehlendorf;Ernst-Lemmer-Ring;"ggü 103";R0312;"Prunus serrulata 'Kanzan'";2021
2716;14165;Zehlendorf;Ernst-Lemmer-Ring;"ggü 103";R0312;"Prunus serrulata 'Kanzan'";2022
2719;14165;Zehlendorf;Ernst-Lemmer-Ring;"ggü 93";R0281;"Prunus serrulata 'Kanzan'";2022
2722;14165;Zehlendorf;Ernst-Lemmer-Ring;"ggü 93";R281;"Prunus serrulata 'Kanzan'";2021
2725;14165;Zehlendorf;Grenzpfad;6;L0084;"Prunus avium 'Plena'";2022
2728;14165;Zehlendorf;Grenzpfad;6;L0092;"Prunus avium 'Plena'";2022
2731;14165;Zehlendorf;Hans-Böhm-Zeile;ggü1;E0260;"Prunus sargentii";2021
2734;14165;Zehlendorf;Hans-Böhm-Zeile;ggü1;E0280;"Prunus sargentii";2021
2737;14165;Zehlendorf;Hans-Böhm-Zeile;ggü1;E0290;"Prunus sargentii";2021
2740;14165;Zehlendorf;Heimat;29;R0062;"Gleditsia triacanthos";2021
2743;14165;Zehlendorf;Hoffbauerpfad;15;L0254;"Liquidambar styraciflua 'Worplesdon'";2021
2746;14165;Zehlendorf;Hoffbauerpfad;15;L0254;"Liquidambar styraciflua 'Worplesdon'";2022
2749;14165;Zehlendorf;Hoffbauerpfad;16-18;R0281;"Liquidambar styraciflua 'Worplesdon'";2021
2752;14165;Zehlendorf;Hoffbauerpfad;16-18;R0281;"Liquidambar styraciflua 'Worplesdon'";2022
2755;14165;Zehlendorf;Hoffbauerpfad;"9 ggü";A0010;"Prunus avium 'Plena'";2022
2758;14165;Zehlendorf;Hoffbauerpfad;"9 ggü";A0020;"Prunus avium 'Plena'";2022
2761;14165;Zehlendorf;Klistostraße;22;R0334;"Tilia cordata";2020
2764;14165;Zehlendorf;Klistostraße;30;R0427;"Corylus colurna";2022
2767;14165;Zehlendorf;Klistostraße;38;R0506;"Corylus colurna";2022
2770;14165;Zehlendorf;Klistostraße;16B;R0196;"Corylus colurna";2022
2773;14165;Zehlendorf;Klistostraße;"Ecke Gutzmannstr.";R0019;"Corylus colurna";2022
2776;14165;Zehlendorf;Klistostraße;Platz;L0252;"Corylus colurna";2022
2779;14165;Zehlendorf;"Michendorfer Straße";29;L0209;"Corylus colurna";2022
2782;14165;Zehlendorf;"Neuruppiner Straße";55;R0266;"Corylus colurna";2020
2785;14165;Zehlendorf;"Neuruppiner Straße";"ggü 115";R0626;"Corylus colurna";2020
2788;14165;Zehlendorf;"Neuruppiner Straße";"ggü 121";R0662;"Corylus colurna";2020
2791;14165;Zehlendorf;"Neuruppiner Straße";"ggü 129";R0706;"Corylus colurna";2020
2794;14165;Zehlendorf;"Neuruppiner Straße";"ggü 159";R0959;"Corylus colurna";2020
2797;14165;Zehlendorf;"Neuruppiner Straße";"ggü 207";R1223;"Corylus colurna";2020
2800;14165;Zehlendorf;"Neuruppiner Straße";"ggü 213";R1265;"Corylus colurna";2020
2803;14165;Zehlendorf;"Neuruppiner Straße";"ggü 33";R0145;"Corylus colurna";2020
2806;14165;Zehlendorf;"Neuruppiner Straße";"ggü 35";R0159;"Corylus colurna";2020
2809;14165;Zehlendorf;"Neuruppiner Straße";"ggü 37";R0172;"Corylus colurna";2020
2812;14165;Zehlendorf;"Neuruppiner Straße";"ggü 49";R0235;"Corylus colurna";2022
2815;14165;Zehlendorf;"Neuruppiner Straße";"ggü 51";R0248;"Corylus colurna";2022
2818;14165;Zehlendorf;"Neuruppiner Straße";"ggü 57";R0292;"Corylus colurna";2020
2821;14165;Zehlendorf;"Neuruppiner Straße";"ggü 79";R0432;"Corylus colurna";2022
2824;14165;Zehlendorf;"Neuruppiner Straße";"ggü 81";R0448;"Corylus colurna";2020
2827;14165;Zehlendorf;"Neuruppiner Straße";Park;L0036;"Corylus colurna";2021
2830;14165;Zehlendorf;"Neuruppiner Straße";Park;L0036;"Corylus colurna";2022
2833;14165;Zehlendorf;"Neuruppiner Straße";Park;L0050;"Corylus colurna";2021
2836;14165;Zehlendorf;"Neuruppiner Straße";Park;L0050;"Corylus colurna";2022
2839;14165;Zehlendorf;"Neuruppiner Straße";Park;R0063;"Prunus avium 'Plena'";2021
2842;14165;Zehlendorf;"Neuruppiner Straße";Park;R0069;"Prunus avium 'Plena'";2021
2845;14165;Zehlendorf;"Neuruppiner Straße";Park;R0069;"Prunus avium 'Plena'";2022
2848;14165;Zehlendorf;"Neuruppiner Straße";Park;R0063;"Prunus avium 'Plena'";2022
2851;14165;Zehlendorf;"Neuruppiner Straße";;R0094;"Corylus colurna";2020
2854;14165;Zehlendorf;Nieritzweg;"63 B";C0170;"Prunus serrulata 'Kanzan'";2021
2857;14165;Zehlendorf;Nieritzweg;"Höhe Hans-Böhm-Zeile";D0176;"Prunus serrulata 'Kanzan'";2021
2860;14165;Zehlendorf;Nieritzweg;;C0177;"Prunus serrulata 'Kanzan'";2021
2863;14165;Zehlendorf;Pfarrlandstraße;13;L0205;"Carpinus betulus 'Fastigiata'";2021
2866;14165;Zehlendorf;Pfarrlandstraße;15;L0225;"Carpinus betulus 'Fastigiata'";2021
2869;14165;Zehlendorf;Pfarrlandstraße;29;L0376;"Carpinus betulus 'Fastigiata'";2021
2872;14165;Zehlendorf;Pfarrlandstraße;11B;L0188;"Carpinus betulus 'Fastigiata'";2021
2875;14165;Zehlendorf;Pfarrlandstraße;3/3A;L0097;"Carpinus betulus 'Fastigiata'";2021
2878;14165;Zehlendorf;Ribeckweg;12;R0129;"Gleditsia triacanthos 'Sunburst'";2022
2881;14165;Zehlendorf;Ribeckweg;23;L0255;"Gleditsia triacanthos 'Sunburst'";2022
2884;14165;Zehlendorf;Ribeckweg;26;R0228;"Gleditsia triacanthos 'Sunburst'";2022
2887;14165;Zehlendorf;Sachtlebenstraße;4;R0075;"Ulmus Resista (R) 'New Horizon'";2021
2890;14165;Zehlendorf;Sachtlebenstraße;7;L0250;"Ulmus Resista (R) 'New Horizon'";2021
2893;14165;Zehlendorf;Sachtlebenstraße;10;R0209;"Ulmus Resista (R) 'New Horizon'";2021
2896;14165;Zehlendorf;Sachtlebenstraße;20;R0404;"Ulmus Resista (R) 'New Horizon'";2021
2899;14165;Zehlendorf;Sachtlebenstraße;8A;R0188;"Ulmus Resista (R) 'New Horizon'";2021
2902;14165;Zehlendorf;Sachtlebenstraße;"ggü 31";R0633;"Ulmus Resista (R) 'New Horizon'";2021
2905;14165;Zehlendorf;Sachtlebenstraße;"ggü 35";R0739;"Ulmus Resista (R) 'New Horizon'";2021
2908;14165;Zehlendorf;Sachtlebenstraße;"ggü 37";R0769;"Ulmus Resista (R) 'New Horizon'";2021
2911;14165;Zehlendorf;Sachtlebenstraße;"ggü 37 A";R0791;"Ulmus Resista (R) 'New Horizon'";2021
2914;14165;Zehlendorf;Sachtlebenstraße;"ggü 8";L0157;"Ulmus Resista (R) 'New Horizon'";2021
2917;14165;Zehlendorf;Sachtlebenstraße;ggü29;R0566;"Ulmus Resista (R) 'New Horizon'";2021
2920;14165;Zehlendorf;Sachtlebenstraße;Gründreieck;L0112;"Zelkova serrata 'Green Vase'";2021
2923;14165;Zehlendorf;Sachtlebenstraße;Park;R0478;"Ulmus Resista (R) 'New Horizon'";2021
2926;14167;Zehlendorf;Hammerstraße;4;L0082;"Prunus avium 'Plena'";2020
2929;14167;Zehlendorf;Hammerstraße;36;L0540;"Prunus avium 'Plena'";2020
2932;14167;Zehlendorf;Hammerstraße;46;L0635;"Prunus avium 'Plena'";2020
2935;14167;Zehlendorf;Hammerstraße;52;L0702;"Prunus avium 'Plena'";2020
2938;14167;Zehlendorf;Hammerstraße;54;L0738;"Prunus avium 'Plena'";2020
2941;14167;Zehlendorf;Hammerstraße;"neben 62";L0807;"Prunus avium 'Plena'";2020
2944;14167;Zehlendorf;Hampsteadstraße;11;L0144;"Tilia cordata 'Greenspire'";2021
2947;14167;Zehlendorf;Hampsteadstraße;25;L0352;"Tilia cordata 'Greenspire'";2021
2950;14167;Zehlendorf;Hampsteadstraße;53;L0685;"Tilia cordata 'Greenspire'";2021
2953;14167;Zehlendorf;Hampsteadstraße;55;L0704;"Tilia cordata 'Greenspire'";2021
2956;14167;Zehlendorf;Hampsteadstraße;55;L0713;"Tilia cordata 'Greenspire'";2021
2959;14167;Zehlendorf;Hampsteadstraße;55;L0882;"Tilia cordata 'Greenspire'";2021
2962;14167;Zehlendorf;Hampsteadstraße;57;L0723;"Tilia cordata 'Greenspire'";2021
2965;14167;Zehlendorf;Hampsteadstraße;57;L0733;"Tilia cordata 'Greenspire'";2021
2968;14167;Zehlendorf;Hampsteadstraße;"neben 63";L0854;"Tilia cordata 'Greenspire'";2021
2971;14167;Zehlendorf;"Knesebeckstraße (Zehlendorf)";12;L0350;"Gleditsia triacanthos 'Sunburst'";2021
2974;14167;Zehlendorf;"Knesebeckstraße (Zehlendorf)";54;R0258;"Gleditsia triacanthos 'Sunburst'";2021
2977;14167;Zehlendorf;"Knesebeckstraße (Zehlendorf)";"16 a";L0388;"Gleditsia triacanthos 'Sunburst'";2021
2980;14167;Zehlendorf;"Knesebeckstraße (Zehlendorf)";5a;R0141;"Gleditsia triacanthos 'Sunburst'";2021
2983;14167;Zehlendorf;"Knesebeckstraße (Zehlendorf)";"Ecke Seehofstr";R0244;"Gleditsia triacanthos 'Sunburst'";2021
2986;14167;Zehlendorf;"Knesebeckstraße (Zehlendorf)";"Ecke Seehofstr41";L0214;"Gleditsia triacanthos 'Sunburst'";2021
2989;14167;Zehlendorf;"Knesebeckstraße (Zehlendorf)";"ggü 9b";L0280;"Gleditsia triacanthos 'Sunburst'";2021
2992;14167;Zehlendorf;"Knesebeckstraße (Zehlendorf)";;R0135;"Gleditsia triacanthos 'Sunburst'";2021
2995;14167;Zehlendorf;Mühlenstraße;16;L0525;"Liquidambar styraciflua 'Worplesdon'";2022
2998;14167;Zehlendorf;"Mühlenstraße (Zehlendorf)";3;R0092;"Liquidambar styraciflua 'Worplesdon'";2021
3001;14167;Zehlendorf;"Mühlenstraße (Zehlendorf)";19;R0604;"Alnus spaethii";2021
3004;14167;Zehlendorf;"Mühlenstraße (Zehlendorf)";21;R0616;"Liquidambar styraciflua 'Worplesdon'";2021
3007;14167;Zehlendorf;"Mühlenstraße (Zehlendorf)";23;R0682;"Alnus spaethii";2021
3010;14167;Zehlendorf;"Mühlenstraße (Zehlendorf)";24;L0736;"Alnus spaethii";2021
3013;14167;Zehlendorf;"Mühlenstraße (Zehlendorf)";26;L0759;"Liquidambar styraciflua 'Worplesdon'";2021
3016;14167;Zehlendorf;"Mühlenstraße (Zehlendorf)";34;L0894;"Alnus spaethii";2021
3019;14167;Zehlendorf;"Mühlenstraße (Zehlendorf)";35;R0849;"Alnus spaethii";2021
3022;14167;Zehlendorf;"Mühlenstraße (Zehlendorf)";39;R0920;"Liquidambar styraciflua 'Worplesdon'";2021
3025;14167;Zehlendorf;"Mühlenstraße (Zehlendorf)";47;R1131;"Alnus spaethii";2021
3028;14167;Zehlendorf;"Mühlenstraße (Zehlendorf)";48;L1144;"Liquidambar styraciflua 'Worplesdon'";2021
3031;14167;Zehlendorf;"Mühlenstraße (Zehlendorf)";13/13A;R0416;"Liquidambar styraciflua 'Worplesdon'";2021
3034;14167;Zehlendorf;"Mühlenstraße (Zehlendorf)";17b;R0580;"Liquidambar styraciflua 'Worplesdon'";2021
3037;14167;Zehlendorf;"Mühlenstraße (Zehlendorf)";32c;L0877;"Liquidambar styraciflua 'Worplesdon'";2021
3040;14167;Zehlendorf;"Mühlenstraße (Zehlendorf)";38B;L1041;"Liquidambar styraciflua 'Worplesdon'";2021
3043;14167;Zehlendorf;"Mühlenstraße (Zehlendorf)";"ggü 38b";R1040;"Alnus spaethii";2021
3046;14167;Zehlendorf;"Mühlenstraße (Zehlendorf)";"ggü 40";R1057;"Liquidambar styraciflua 'Worplesdon'";2021
3049;14167;Zehlendorf;"Mühlenstraße (Zehlendorf)";"ggü 6";R0108;"Liquidambar styraciflua 'Worplesdon'";2021
3052;14167;Zehlendorf;Nienkemperstraße;6;L0107;"Prunus avium 'Plena'";2022
3055;14167;Zehlendorf;Nienkemperstraße;41;R0571;"Prunus avium 'Plena'";2022
3058;14167;Zehlendorf;Nienkemperstraße;44;L0572;"Prunus avium 'Plena'";2022
3061;14167;Zehlendorf;Nienkemperstraße;25b;R0305;"Prunus avium 'Plena'";2022
3064;14167;Zehlendorf;Nienkemperstraße;44c;L0601;"Prunus avium 'Plena'";2022
3067;14167;Zehlendorf;"Stubenrauchstraße (Zehlendorf)";24;L0359;"Betula papyrifera";2021
3070;14167;Zehlendorf;"Stubenrauchstraße (Zehlendorf)";34;L0519;"Betula papyrifera";2021
3073;14167;Zehlendorf;"Stubenrauchstraße (Zehlendorf)";48;L0658;"Betula papyrifera";2021
3076;14167;Zehlendorf;"Stubenrauchstraße (Zehlendorf)";30a;L0446;"Betula papyrifera";2021
3079;14167;Zehlendorf;"Stubenrauchstraße (Zehlendorf)";46a;L0631;"Betula papyrifera";2021
3082;14169;Zehlendorf;"Am Fischtal";24;L0220;"Ulmus Resista (R) 'Rebona'";2021
3085;14169;Zehlendorf;"Am Fischtal";49;R0361;"Ulmus Resista (R) 'Rebona'";2021
3088;14169;Zehlendorf;"Am Fischtal";54;L0397;"Ulmus Resista (R) 'Rebona'";2021
3091;14169;Zehlendorf;"Am Fischtal";65;R0539;"Ulmus Resista (R) 'Rebona'";2021
3094;14169;Zehlendorf;"Am Fischtal";66;R0528;"Ulmus Resista (R) 'Rebona'";2021
3097;14169;Zehlendorf;"Am Fischtal";71;R0616;"Ulmus Resista (R) 'Rebona'";2021
3100;14169;Zehlendorf;"Am Fischtal";86;L0741;"Betula pendula";2022
3103;14169;Zehlendorf;"Am Fischtal";93;R0765;"Ulmus Resista (R) 'Rebona'";2021
3106;14169;Zehlendorf;"Am Fischtal";17a;R0121;"Ulmus Resista (R) 'Rebona'";2021
3109;14169;Zehlendorf;"Am Fischtal";"72 B";L0639;"Betula pendula";2020
3112;14169;Zehlendorf;"Am Fischtal";"Ecke Onkel-Tom-Str.";L0797;"Ulmus Resista (R) 'Rebona'";2021
3115;14169;Zehlendorf;"Am Fischtal";"Ecke Riemeister";R0425;"Ulmus Resista (R) 'Rebona'";2021
3118;14169;Zehlendorf;"Charlottenburger Straße";19;R0301;"Tilia cordata 'Greenspire'";2020
3121;14169;Zehlendorf;Eisvogelweg;6;L0047;"Crataegus x lavallei 'Carrierei'";2022
3124;14169;Zehlendorf;Eisvogelweg;8;L0053;"Crataegus x lavallei 'Carrierei'";2022
3127;14169;Zehlendorf;"Ersteiner Straße";2;R0020;"Acer campestre";2021
3130;14169;Zehlendorf;"Ersteiner Straße";6;R0048;"Tilia cordata 'Rancho'";2021
3133;14169;Zehlendorf;"Ersteiner Straße";14;R0096;"Magnolia kobus";2021
3136;14169;Zehlendorf;"Ersteiner Straße";18;R0118;"Tilia cordata 'Rancho'";2021
3139;14169;Zehlendorf;"Ersteiner Straße";24;R0139;"Magnolia kobus";2021
3142;14169;Zehlendorf;"Ersteiner Straße";28;R0160;"Acer campestre";2021
3145;14169;Zehlendorf;"Ersteiner Straße";30;R0200;"Tilia cordata 'Rancho'";2021
3148;14169;Zehlendorf;"Ersteiner Straße";"10. Dez";R0074;"Acer campestre";2021
3151;14169;Zehlendorf;"Ersteiner Straße";38/40;R0250;"Acer campestre";2021
3154;14169;Zehlendorf;Hochsitzweg;81;L0181;"Betula pendula";2020
3157;14169;Zehlendorf;Hochsitzweg;135;L0342;"Liquidambar styraciflua 'Moraine'";2021
3160;14169;Zehlendorf;Hochsitzweg;161;L0418;"Liquidambar styraciflua 'Moraine'";2021
3163;14169;Zehlendorf;Hochsitzweg;71/73;L0159;"Liquidambar styraciflua 'Moraine'";2021
3166;14169;Zehlendorf;"Im Gestell";"neben Riemeister 111";L0179;"Acer campestre 'Elsrijk'";2022
3169;14169;Zehlendorf;"Im Gestell";;L0140;"Acer campestre 'Elsrijk'";2022
3172;14169;Zehlendorf;"Im Gestell";;L0168;"Acer campestre 'Elsrijk'";2022
3175;14169;Zehlendorf;Juttastraße;6;R0052;"Corylus colurna";2022
3178;14169;Zehlendorf;Juttastraße;9;L0120;"Corylus colurna";2022
3181;14169;Zehlendorf;Juttastraße;15;L0144;"Corylus colurna";2022
3184;14169;Zehlendorf;Juttastraße;18;R0169;"Corylus colurna";2022
3187;14169;Zehlendorf;Juttastraße;18;R0183;"Corylus colurna";2022
3190;14169;Zehlendorf;Juttastraße;19;L0181;"Corylus colurna";2022
3193;14169;Zehlendorf;Onkel-Tom-Straße;14;L0180;"Tilia cordata 'Greenspire'";2020
3196;14169;Zehlendorf;Riemeisterstraße;57;R0958;"Fagus sylvatica";2022
3199;14169;Zehlendorf;Riemeisterstraße;85;R1055;"Fagus sylvatica";2022
3202;14169;Zehlendorf;Riemeisterstraße;112;L1122;"Fagus sylvatica";2022
3205;14169;Zehlendorf;Riemeisterstraße;112;L1142;"Fagus sylvatica";2022
3208;14169;Zehlendorf;Riemeisterstraße;122;L1236;"Fagus sylvatica";2022
3211;14169;Zehlendorf;Riemeisterstraße;133;R1546;"Fagus sylvatica";2022
3214;14169;Zehlendorf;Riemeisterstraße;162;L1699;"Fagus sylvatica";2022
3217;14169;Zehlendorf;Riemeisterstraße;185;R1787;"Fagus sylvatica";2022
3220;14169;Zehlendorf;"Schlettstadter Straße";69;L0646;"Sorbus aria";2021
3223;14169;Zehlendorf;Schützallee;51;R0805;"Tilia cordata 'Rancho'";2022
3226;14169;Zehlendorf;Seehofstraße;9;R0145;"Tilia cordata 'Greenspire'";2022
3229;14169;Zehlendorf;Seehofstraße;27;R0564;"Ulmus Resista (R) 'New Horizon'";2022
3232;14169;Zehlendorf;Seehofstraße;31;R0620;"Ulmus Resista (R) 'New Horizon'";2022
3235;14169;Zehlendorf;Seehofstraße;64;L0957;"Ulmus Resista (R) 'New Horizon'";2022
3238;14169;Zehlendorf;Seehofstraße;103;R1573;"Aesculus glabra";2022
3241;14169;Zehlendorf;Seehofstraße;128;L1818;"Aesculus glabra";2022
3244;14169;Zehlendorf;Seehofstraße;129;R1821;"Aesculus glabra";2022
3247;14169;Zehlendorf;Seehofstraße;144;L2013;"Aesculus carnea 'Briotii'";2022
3250;14169;Zehlendorf;Seehofstraße;21a;R0419;"Tilia cordata 'Greenspire'";2022
3253;14169;Zehlendorf;Seehofstraße;60a;L0880;"Ulmus Resista (R) 'New Horizon'";2022
3256;14169;Zehlendorf;Seehofstraße;"70 neben";L1012;"Ulmus Resista (R) 'New Horizon'";2022
3259;14169;Zehlendorf;Seehofstraße;"71 neben";R1135;"Ulmus Resista (R) 'New Horizon'";2022
3262;14169;Zehlendorf;Seehofstraße;"Ecke Dahlemer Weg";R1509;"Aesculus glabra";2022
3265;14169;Zehlendorf;Seehofstraße;"ggü 9";L0139;"Tilia cordata 'Greenspire'";2022
3268;14169;Zehlendorf;Waldhüterpfad;2;L0031;"Robinia pseudoacacia 'Casque Rouge'";2022
3271;14169;Zehlendorf;Waldhüterpfad;5;R0046;"Robinia pseudoacacia 'Sandraudiga'";2020
3274;14169;Zehlendorf;Waldhüterpfad;10;L0059;"Robinia pseudoacacia 'Casque Rouge'";2022
3277;14169;Zehlendorf;Waldhüterpfad;19;R0082;"Robinia pseudoacacia 'Casque Rouge'";2021
3280;14169;Zehlendorf;Waldhüterpfad;76;L0226;"Robinia pseudoacacia 'Casque Rouge'";2022
3283;14169;Zehlendorf;Waldhüterpfad;"04. Jun";L0044;"Robinia pseudoacacia 'Sandraudiga'";2020
3286;14169;Zehlendorf;Waldhüterpfad;"neben 1";R0013;"Robinia pseudoacacia 'Casque Rouge'";2021
3289;14169;Zehlendorf;Winfriedstraße;1;L0076;"Prunus avium 'Plena'";2022
3292;14169;Zehlendorf;Winfriedstraße;25;L0302;"Prunus avium 'Plena'";2022
3295;14169;Zehlendorf;Winfriedstraße;34;R0346;"Prunus avium 'Plena'";2022
3298;14169;Zehlendorf;Winfriedstraße;41;L0415;"Liquidambar styraciflua 'Worplesdon'";2022
3301;14169;Zehlendorf;Winfriedstraße;45;L0448;"Liquidambar styraciflua 'Worplesdon'";2022
3304;14169;Zehlendorf;Winfriedstraße;41974;R0153;"Prunus avium 'Plena'";2022
3307;14169;Zehlendorf;Winfriedstraße;26-18;R0190;"Prunus avium 'Plena'";2022
3310;14169;Zehlendorf;Winfriedstraße;26-18;R0217;"Prunus avium 'Plena'";2022
3313;14169;Zehlendorf;Winfriedstraße;26-18;R0224;"Prunus avium 'Plena'";2022
3316;14169;Zehlendorf;Winfriedstraße;36-28;R0303;"Prunus avium 'Plena'";2022
3319;14169;Zehlendorf;Winfriedstraße;36-28;R0329;"Prunus avium 'Plena'";2022
3322;14195;Zehlendorf;Clayallee;170;L2044;"Quercus rubra";2021
3325;14195;Zehlendorf;Clayallee;170;R2078;"Quercus rubra";2021
